quest_id,venue_name,asset_type,candidate_image_url,source_url,source_type,rights_status,confidence,notes,approved
1194aef9-bc2f-5cc8-bbd9-e0c7a9e3e067,Panther Coffee - Wynwood,hero_image,,https://panthercoffee.com/,official_website,venue_owned_needs_permission,high,"Pick an authentic photo from the venue's own site (check for a press/media page first). Spec: authentic venue/experience photo, ≥800px wide, no generic stock.",
1194aef9-bc2f-5cc8-bbd9-e0c7a9e3e067,Panther Coffee - Wynwood,hero_image,,https://www.instagram.com/panthercoffee/,official_instagram,venue_owned_needs_permission,high,"Venue's official Instagram — ask the venue for the original file, do not screenshot. Spec: authentic venue/experience photo, ≥800px wide, no generic stock.",
1194aef9-bc2f-5cc8-bbd9-e0c7a9e3e067,Panther Coffee - Wynwood,hero_image,,https://unsplash.com/s/photos/Panther%20Coffee%20-%20Wynwood%20miami,royalty_free,license_review_required,low,"Fallback only if no venue-owned option works. Also try Pexels/Wikimedia Commons. Verify the individual photo's license allows commercial use before approving. Spec: authentic venue/experience photo, ≥800px wide, no generic stock.",
1194aef9-bc2f-5cc8-bbd9-e0c7a9e3e067,Panther Coffee - Wynwood,venue_logo,,https://panthercoffee.com/,official_website,venue_owned_needs_permission,high,Look for the site's logo/brand or press/media page; ask the venue for the original file. Spec: square business logo/avatar for the circular profile image over the hero.,
1194aef9-bc2f-5cc8-bbd9-e0c7a9e3e067,Panther Coffee - Wynwood,venue_logo,,https://www.instagram.com/panthercoffee/,official_instagram,venue_owned_needs_permission,high,"Profile picture is usually the logo — ask the venue for the original file, do not screenshot. Spec: square business logo/avatar for the circular profile image over the hero.",
966b0064-6c61-58b2-8e49-73807184982d,Vice City Bean,hero_image,,https://vicecitybean.com/,official_website,venue_owned_needs_permission,high,"Pick an authentic photo from the venue's own site (check for a press/media page first). Spec: authentic venue/experience photo, ≥800px wide, no generic stock.",
966b0064-6c61-58b2-8e49-73807184982d,Vice City Bean,hero_image,,https://www.instagram.com/vicecitybean/,official_instagram,venue_owned_needs_permission,high,"Venue's official Instagram — ask the venue for the original file, do not screenshot. Spec: authentic venue/experience photo, ≥800px wide, no generic stock.",
966b0064-6c61-58b2-8e49-73807184982d,Vice City Bean,hero_image,,https://unsplash.com/s/photos/Vice%20City%20Bean%20miami,royalty_free,license_review_required,low,"Fallback only if no venue-owned option works. Also try Pexels/Wikimedia Commons. Verify the individual photo's license allows commercial use before approving. Spec: authentic venue/experience photo, ≥800px wide, no generic stock.",
966b0064-6c61-58b2-8e49-73807184982d,Vice City Bean,venue_logo,,https://vicecitybean.com/,official_website,venue_owned_needs_permission,high,Look for the site's logo/brand or press/media page; ask the venue for the original file. Spec: square business logo/avatar for the circular profile image over the hero.,
966b0064-6c61-58b2-8e49-73807184982d,Vice City Bean,venue_logo,,https://www.instagram.com/vicecitybean/,official_instagram,venue_owned_needs_permission,high,"Profile picture is usually the logo — ask the venue for the original file, do not screenshot. Spec: square business logo/avatar for the circular profile image over the hero.",
21902b20-b34e-5308-9fdb-7868829a3497,The Salty Donut - Wynwood,hero_image,,https://www.saltydonut.com/locations/wynwood,official_website,venue_owned_needs_permission,high,"Pick an authentic photo from the venue's own site (check for a press/media page first). Spec: authentic venue/experience photo, ≥800px wide, no generic stock.",
21902b20-b34e-5308-9fdb-7868829a3497,The Salty Donut - Wynwood,hero_image,,https://www.instagram.com/thesaltydonut/,official_instagram,venue_owned_needs_permission,high,"Venue's official Instagram — ask the venue for the original file, do not screenshot. Spec: authentic venue/experience photo, ≥800px wide, no generic stock.",
21902b20-b34e-5308-9fdb-7868829a3497,The Salty Donut - Wynwood,hero_image,,https://unsplash.com/s/photos/The%20Salty%20Donut%20-%20Wynwood%20miami,royalty_free,license_review_required,low,"Fallback only if no venue-owned option works. Also try Pexels/Wikimedia Commons. Verify the individual photo's license allows commercial use before approving. Spec: authentic venue/experience photo, ≥800px wide, no generic stock.",
21902b20-b34e-5308-9fdb-7868829a3497,The Salty Donut - Wynwood,venue_logo,,https://www.saltydonut.com/locations/wynwood,official_website,venue_owned_needs_permission,high,Look for the site's logo/brand or press/media page; ask the venue for the original file. Spec: square business logo/avatar for the circular profile image over the hero.,
21902b20-b34e-5308-9fdb-7868829a3497,The Salty Donut - Wynwood,venue_logo,,https://www.instagram.com/thesaltydonut/,official_instagram,venue_owned_needs_permission,high,"Profile picture is usually the logo — ask the venue for the original file, do not screenshot. Spec: square business logo/avatar for the circular profile image over the hero.",
75761f77-6be2-5a33-b815-582044bc20c8,Threefold Cafe,hero_image,,https://www.threefoldcafe.com/,official_website,venue_owned_needs_permission,high,"Pick an authentic photo from the venue's own site (check for a press/media page first). Spec: authentic venue/experience photo, ≥800px wide, no generic stock.",
75761f77-6be2-5a33-b815-582044bc20c8,Threefold Cafe,hero_image,,https://www.instagram.com/threefoldcafe/,official_instagram,venue_owned_needs_permission,high,"Venue's official Instagram — ask the venue for the original file, do not screenshot. Spec: authentic venue/experience photo, ≥800px wide, no generic stock.",
75761f77-6be2-5a33-b815-582044bc20c8,Threefold Cafe,hero_image,,https://unsplash.com/s/photos/Threefold%20Cafe%20miami,royalty_free,license_review_required,low,"Fallback only if no venue-owned option works. Also try Pexels/Wikimedia Commons. Verify the individual photo's license allows commercial use before approving. Spec: authentic venue/experience photo, ≥800px wide, no generic stock.",
75761f77-6be2-5a33-b815-582044bc20c8,Threefold Cafe,venue_logo,,https://www.threefoldcafe.com/,official_website,venue_owned_needs_permission,high,Look for the site's logo/brand or press/media page; ask the venue for the original file. Spec: square business logo/avatar for the circular profile image over the hero.,
75761f77-6be2-5a33-b815-582044bc20c8,Threefold Cafe,venue_logo,,https://www.instagram.com/threefoldcafe/,official_instagram,venue_owned_needs_permission,high,"Profile picture is usually the logo — ask the venue for the original file, do not screenshot. Spec: square business logo/avatar for the circular profile image over the hero.",
8126cef6-7957-58f4-8dc1-c1cf747fcc8e,Imperial Moto Cafe - Little River,hero_image,,https://www.imperialmoto.com/,official_website,venue_owned_needs_permission,high,"Pick an authentic photo from the venue's own site (check for a press/media page first). Spec: authentic venue/experience photo, ≥800px wide, no generic stock.",
8126cef6-7957-58f4-8dc1-c1cf747fcc8e,Imperial Moto Cafe - Little River,hero_image,,https://www.instagram.com/imperialmoto/,official_instagram,venue_owned_needs_permission,high,"Venue's official Instagram — ask the venue for the original file, do not screenshot. Spec: authentic venue/experience photo, ≥800px wide, no generic stock.",
8126cef6-7957-58f4-8dc1-c1cf747fcc8e,Imperial Moto Cafe - Little River,hero_image,,https://unsplash.com/s/photos/Imperial%20Moto%20Cafe%20-%20Little%20River%20miami,royalty_free,license_review_required,low,"Fallback only if no venue-owned option works. Also try Pexels/Wikimedia Commons. Verify the individual photo's license allows commercial use before approving. Spec: authentic venue/experience photo, ≥800px wide, no generic stock.",
8126cef6-7957-58f4-8dc1-c1cf747fcc8e,Imperial Moto Cafe - Little River,venue_logo,,https://www.imperialmoto.com/,official_website,venue_owned_needs_permission,high,Look for the site's logo/brand or press/media page; ask the venue for the original file. Spec: square business logo/avatar for the circular profile image over the hero.,
8126cef6-7957-58f4-8dc1-c1cf747fcc8e,Imperial Moto Cafe - Little River,venue_logo,,https://www.instagram.com/imperialmoto/,official_instagram,venue_owned_needs_permission,high,"Profile picture is usually the logo — ask the venue for the original file, do not screenshot. Spec: square business logo/avatar for the circular profile image over the hero.",
8e77ef26-b4ac-574b-9b46-06a276d7577e,Brewing Buddha Cafe & Arthouse,hero_image,,https://www.brewingbuddha.com/,official_website,venue_owned_needs_permission,high,"Pick an authentic photo from the venue's own site (check for a press/media page first). Spec: authentic venue/experience photo, ≥800px wide, no generic stock.",
8e77ef26-b4ac-574b-9b46-06a276d7577e,Brewing Buddha Cafe & Arthouse,hero_image,,https://www.instagram.com/brewingbuddha/,official_instagram,venue_owned_needs_permission,high,"Venue's official Instagram — ask the venue for the original file, do not screenshot. Spec: authentic venue/experience photo, ≥800px wide, no generic stock.",
8e77ef26-b4ac-574b-9b46-06a276d7577e,Brewing Buddha Cafe & Arthouse,hero_image,,https://unsplash.com/s/photos/Brewing%20Buddha%20Cafe%20%26%20Arthouse%20miami,royalty_free,license_review_required,low,"Fallback only if no venue-owned option works. Also try Pexels/Wikimedia Commons. Verify the individual photo's license allows commercial use before approving. Spec: authentic venue/experience photo, ≥800px wide, no generic stock.",
8e77ef26-b4ac-574b-9b46-06a276d7577e,Brewing Buddha Cafe & Arthouse,venue_logo,,https://www.brewingbuddha.com/,official_website,venue_owned_needs_permission,high,Look for the site's logo/brand or press/media page; ask the venue for the original file. Spec: square business logo/avatar for the circular profile image over the hero.,
8e77ef26-b4ac-574b-9b46-06a276d7577e,Brewing Buddha Cafe & Arthouse,venue_logo,,https://www.instagram.com/brewingbuddha/,official_instagram,venue_owned_needs_permission,high,"Profile picture is usually the logo — ask the venue for the original file, do not screenshot. Spec: square business logo/avatar for the circular profile image over the hero.",
8569454a-0457-5805-8b85-997b42155ed2,Sweat Records,hero_image,,https://www.sweatrecordsmiami.com/,official_website,venue_owned_needs_permission,high,"Pick an authentic photo from the venue's own site (check for a press/media page first). Spec: authentic venue/experience photo, ≥800px wide, no generic stock.",
8569454a-0457-5805-8b85-997b42155ed2,Sweat Records,hero_image,,https://www.instagram.com/sweatrecords/,official_instagram,venue_owned_needs_permission,high,"Venue's official Instagram — ask the venue for the original file, do not screenshot. Spec: authentic venue/experience photo, ≥800px wide, no generic stock.",
8569454a-0457-5805-8b85-997b42155ed2,Sweat Records,hero_image,,https://unsplash.com/s/photos/Sweat%20Records%20miami,royalty_free,license_review_required,low,"Fallback only if no venue-owned option works. Also try Pexels/Wikimedia Commons. Verify the individual photo's license allows commercial use before approving. Spec: authentic venue/experience photo, ≥800px wide, no generic stock.",
8569454a-0457-5805-8b85-997b42155ed2,Sweat Records,venue_logo,,https://www.sweatrecordsmiami.com/,official_website,venue_owned_needs_permission,high,Look for the site's logo/brand or press/media page; ask the venue for the original file. Spec: square business logo/avatar for the circular profile image over the hero.,
8569454a-0457-5805-8b85-997b42155ed2,Sweat Records,venue_logo,,https://www.instagram.com/sweatrecords/,official_instagram,venue_owned_needs_permission,high,"Profile picture is usually the logo — ask the venue for the original file, do not screenshot. Spec: square business logo/avatar for the circular profile image over the hero.",
7dd057e2-0f2d-5315-8ec9-57bb715c0773,Books & Books - Coral Gables,hero_image,,https://www.booksandbooks.com/,official_website,venue_owned_needs_permission,high,"Pick an authentic photo from the venue's own site (check for a press/media page first). Spec: authentic venue/experience photo, ≥800px wide, no generic stock.",
7dd057e2-0f2d-5315-8ec9-57bb715c0773,Books & Books - Coral Gables,hero_image,,https://www.instagram.com/booksandbooks/,official_instagram,venue_owned_needs_permission,high,"Venue's official Instagram — ask the venue for the original file, do not screenshot. Spec: authentic venue/experience photo, ≥800px wide, no generic stock.",
7dd057e2-0f2d-5315-8ec9-57bb715c0773,Books & Books - Coral Gables,hero_image,,https://unsplash.com/s/photos/Books%20%26%20Books%20-%20Coral%20Gables%20miami,royalty_free,license_review_required,low,"Fallback only if no venue-owned option works. Also try Pexels/Wikimedia Commons. Verify the individual photo's license allows commercial use before approving. Spec: authentic venue/experience photo, ≥800px wide, no generic stock.",
7dd057e2-0f2d-5315-8ec9-57bb715c0773,Books & Books - Coral Gables,venue_logo,,https://www.booksandbooks.com/,official_website,venue_owned_needs_permission,high,Look for the site's logo/brand or press/media page; ask the venue for the original file. Spec: square business logo/avatar for the circular profile image over the hero.,
7dd057e2-0f2d-5315-8ec9-57bb715c0773,Books & Books - Coral Gables,venue_logo,,https://www.instagram.com/booksandbooks/,official_instagram,venue_owned_needs_permission,high,"Profile picture is usually the logo — ask the venue for the original file, do not screenshot. Spec: square business logo/avatar for the circular profile image over the hero.",
3cef83c3-7d8d-5f7b-b122-7af4a8e08b6f,Rosetta Bakery - South Beach,hero_image,,https://www.rosettabakery.com/,official_website,venue_owned_needs_permission,high,"Pick an authentic photo from the venue's own site (check for a press/media page first). Spec: authentic venue/experience photo, ≥800px wide, no generic stock.",
3cef83c3-7d8d-5f7b-b122-7af4a8e08b6f,Rosetta Bakery - South Beach,hero_image,,https://www.instagram.com/rosettabakery/,official_instagram,venue_owned_needs_permission,high,"Venue's official Instagram — ask the venue for the original file, do not screenshot. Spec: authentic venue/experience photo, ≥800px wide, no generic stock.",
3cef83c3-7d8d-5f7b-b122-7af4a8e08b6f,Rosetta Bakery - South Beach,hero_image,,https://unsplash.com/s/photos/Rosetta%20Bakery%20-%20South%20Beach%20miami,royalty_free,license_review_required,low,"Fallback only if no venue-owned option works. Also try Pexels/Wikimedia Commons. Verify the individual photo's license allows commercial use before approving. Spec: authentic venue/experience photo, ≥800px wide, no generic stock.",
3cef83c3-7d8d-5f7b-b122-7af4a8e08b6f,Rosetta Bakery - South Beach,venue_logo,,https://www.rosettabakery.com/,official_website,venue_owned_needs_permission,high,Look for the site's logo/brand or press/media page; ask the venue for the original file. Spec: square business logo/avatar for the circular profile image over the hero.,
3cef83c3-7d8d-5f7b-b122-7af4a8e08b6f,Rosetta Bakery - South Beach,venue_logo,,https://www.instagram.com/rosettabakery/,official_instagram,venue_owned_needs_permission,high,"Profile picture is usually the logo — ask the venue for the original file, do not screenshot. Spec: square business logo/avatar for the circular profile image over the hero.",
f8a566ab-ff32-5de0-ad1a-7230416f3f8b,Under the Mango Tree,hero_image,,https://www.mangotreemiami.com/,official_website,venue_owned_needs_permission,high,"Pick an authentic photo from the venue's own site (check for a press/media page first). Spec: authentic venue/experience photo, ≥800px wide, no generic stock.",
f8a566ab-ff32-5de0-ad1a-7230416f3f8b,Under the Mango Tree,hero_image,,https://www.instagram.com/underthemangotreemiami/,official_instagram,venue_owned_needs_permission,high,"Venue's official Instagram — ask the venue for the original file, do not screenshot. Spec: authentic venue/experience photo, ≥800px wide, no generic stock.",
f8a566ab-ff32-5de0-ad1a-7230416f3f8b,Under the Mango Tree,hero_image,,https://unsplash.com/s/photos/Under%20the%20Mango%20Tree%20miami,royalty_free,license_review_required,low,"Fallback only if no venue-owned option works. Also try Pexels/Wikimedia Commons. Verify the individual photo's license allows commercial use before approving. Spec: authentic venue/experience photo, ≥800px wide, no generic stock.",
f8a566ab-ff32-5de0-ad1a-7230416f3f8b,Under the Mango Tree,venue_logo,,https://www.mangotreemiami.com/,official_website,venue_owned_needs_permission,high,Look for the site's logo/brand or press/media page; ask the venue for the original file. Spec: square business logo/avatar for the circular profile image over the hero.,
f8a566ab-ff32-5de0-ad1a-7230416f3f8b,Under the Mango Tree,venue_logo,,https://www.instagram.com/underthemangotreemiami/,official_instagram,venue_owned_needs_permission,high,"Profile picture is usually the logo — ask the venue for the original file, do not screenshot. Spec: square business logo/avatar for the circular profile image over the hero.",
46d7501e-7aca-586d-a099-b8af0607d8e0,Dasher & Crank,hero_image,,https://dasherandcrank.com/,official_website,venue_owned_needs_permission,high,"Pick an authentic photo from the venue's own site (check for a press/media page first). Spec: authentic venue/experience photo, ≥800px wide, no generic stock.",
46d7501e-7aca-586d-a099-b8af0607d8e0,Dasher & Crank,hero_image,,https://www.instagram.com/dashercrank/,official_instagram,venue_owned_needs_permission,high,"Venue's official Instagram — ask the venue for the original file, do not screenshot. Spec: authentic venue/experience photo, ≥800px wide, no generic stock.",
46d7501e-7aca-586d-a099-b8af0607d8e0,Dasher & Crank,hero_image,,https://unsplash.com/s/photos/Dasher%20%26%20Crank%20miami,royalty_free,license_review_required,low,"Fallback only if no venue-owned option works. Also try Pexels/Wikimedia Commons. Verify the individual photo's license allows commercial use before approving. Spec: authentic venue/experience photo, ≥800px wide, no generic stock.",
46d7501e-7aca-586d-a099-b8af0607d8e0,Dasher & Crank,venue_logo,,https://dasherandcrank.com/,official_website,venue_owned_needs_permission,high,Look for the site's logo/brand or press/media page; ask the venue for the original file. Spec: square business logo/avatar for the circular profile image over the hero.,
46d7501e-7aca-586d-a099-b8af0607d8e0,Dasher & Crank,venue_logo,,https://www.instagram.com/dashercrank/,official_instagram,venue_owned_needs_permission,high,"Profile picture is usually the logo — ask the venue for the original file, do not screenshot. Spec: square business logo/avatar for the circular profile image over the hero.",
f83fafee-9d6f-5c55-99f2-cf2df2fa9c51,Midorie Miami,hero_image,,https://www.midoriemiami.com/,official_website,venue_owned_needs_permission,high,"Pick an authentic photo from the venue's own site (check for a press/media page first). Spec: authentic venue/experience photo, ≥800px wide, no generic stock.",
f83fafee-9d6f-5c55-99f2-cf2df2fa9c51,Midorie Miami,hero_image,,https://www.instagram.com/midorie_miami/,official_instagram,venue_owned_needs_permission,high,"Venue's official Instagram — ask the venue for the original file, do not screenshot. Spec: authentic venue/experience photo, ≥800px wide, no generic stock.",
f83fafee-9d6f-5c55-99f2-cf2df2fa9c51,Midorie Miami,hero_image,,https://unsplash.com/s/photos/Midorie%20Miami%20miami,royalty_free,license_review_required,low,"Fallback only if no venue-owned option works. Also try Pexels/Wikimedia Commons. Verify the individual photo's license allows commercial use before approving. Spec: authentic venue/experience photo, ≥800px wide, no generic stock.",
f83fafee-9d6f-5c55-99f2-cf2df2fa9c51,Midorie Miami,venue_logo,,https://www.midoriemiami.com/,official_website,venue_owned_needs_permission,high,Look for the site's logo/brand or press/media page; ask the venue for the original file. Spec: square business logo/avatar for the circular profile image over the hero.,
f83fafee-9d6f-5c55-99f2-cf2df2fa9c51,Midorie Miami,venue_logo,,https://www.instagram.com/midorie_miami/,official_instagram,venue_owned_needs_permission,high,"Profile picture is usually the logo — ask the venue for the original file, do not screenshot. Spec: square business logo/avatar for the circular profile image over the hero.",
bf8555e0-2c49-5b14-bba9-362bd12273e8,The Corner,hero_image,,https://www.thecornermiami.com/,official_website,venue_owned_needs_permission,high,"Pick an authentic photo from the venue's own site (check for a press/media page first). Spec: authentic venue/experience photo, ≥800px wide, no generic stock.",
bf8555e0-2c49-5b14-bba9-362bd12273e8,The Corner,hero_image,,https://www.instagram.com/thecornermiami/,official_instagram,venue_owned_needs_permission,high,"Venue's official Instagram — ask the venue for the original file, do not screenshot. Spec: authentic venue/experience photo, ≥800px wide, no generic stock.",
bf8555e0-2c49-5b14-bba9-362bd12273e8,The Corner,hero_image,,https://unsplash.com/s/photos/The%20Corner%20miami,royalty_free,license_review_required,low,"Fallback only if no venue-owned option works. Also try Pexels/Wikimedia Commons. Verify the individual photo's license allows commercial use before approving. Spec: authentic venue/experience photo, ≥800px wide, no generic stock.",
bf8555e0-2c49-5b14-bba9-362bd12273e8,The Corner,venue_logo,,https://www.thecornermiami.com/,official_website,venue_owned_needs_permission,high,Look for the site's logo/brand or press/media page; ask the venue for the original file. Spec: square business logo/avatar for the circular profile image over the hero.,
bf8555e0-2c49-5b14-bba9-362bd12273e8,The Corner,venue_logo,,https://www.instagram.com/thecornermiami/,official_instagram,venue_owned_needs_permission,high,"Profile picture is usually the logo — ask the venue for the original file, do not screenshot. Spec: square business logo/avatar for the circular profile image over the hero.",
aecdaf4a-c974-5246-86d4-0bb90b1de150,Miam Café - Wynwood,hero_image,,https://www.miamcafe.com/,official_website,venue_owned_needs_permission,high,"Pick an authentic photo from the venue's own site (check for a press/media page first). Spec: authentic venue/experience photo, ≥800px wide, no generic stock.",
aecdaf4a-c974-5246-86d4-0bb90b1de150,Miam Café - Wynwood,hero_image,,https://www.instagram.com/miam.cafe/,official_instagram,venue_owned_needs_permission,high,"Venue's official Instagram — ask the venue for the original file, do not screenshot. Spec: authentic venue/experience photo, ≥800px wide, no generic stock.",
aecdaf4a-c974-5246-86d4-0bb90b1de150,Miam Café - Wynwood,hero_image,,https://unsplash.com/s/photos/Miam%20Caf%C3%A9%20-%20Wynwood%20miami,royalty_free,license_review_required,low,"Fallback only if no venue-owned option works. Also try Pexels/Wikimedia Commons. Verify the individual photo's license allows commercial use before approving. Spec: authentic venue/experience photo, ≥800px wide, no generic stock.",
aecdaf4a-c974-5246-86d4-0bb90b1de150,Miam Café - Wynwood,venue_logo,,https://www.miamcafe.com/,official_website,venue_owned_needs_permission,high,Look for the site's logo/brand or press/media page; ask the venue for the original file. Spec: square business logo/avatar for the circular profile image over the hero.,
aecdaf4a-c974-5246-86d4-0bb90b1de150,Miam Café - Wynwood,venue_logo,,https://www.instagram.com/miam.cafe/,official_instagram,venue_owned_needs_permission,high,"Profile picture is usually the logo — ask the venue for the original file, do not screenshot. Spec: square business logo/avatar for the circular profile image over the hero.",
fb12d6c3-465f-5130-9aa9-d06d87e2a182,El Carajo,hero_image,,https://el-carajo.com/,official_website,venue_owned_needs_permission,high,"Pick an authentic photo from the venue's own site (check for a press/media page first). Spec: authentic venue/experience photo, ≥800px wide, no generic stock.",
fb12d6c3-465f-5130-9aa9-d06d87e2a182,El Carajo,hero_image,,https://www.instagram.com/theelcarajo/,official_instagram,venue_owned_needs_permission,high,"Venue's official Instagram — ask the venue for the original file, do not screenshot. Spec: authentic venue/experience photo, ≥800px wide, no generic stock.",
fb12d6c3-465f-5130-9aa9-d06d87e2a182,El Carajo,hero_image,,https://unsplash.com/s/photos/El%20Carajo%20miami,royalty_free,license_review_required,low,"Fallback only if no venue-owned option works. Also try Pexels/Wikimedia Commons. Verify the individual photo's license allows commercial use before approving. Spec: authentic venue/experience photo, ≥800px wide, no generic stock.",
fb12d6c3-465f-5130-9aa9-d06d87e2a182,El Carajo,venue_logo,,https://el-carajo.com/,official_website,venue_owned_needs_permission,high,Look for the site's logo/brand or press/media page; ask the venue for the original file. Spec: square business logo/avatar for the circular profile image over the hero.,
fb12d6c3-465f-5130-9aa9-d06d87e2a182,El Carajo,venue_logo,,https://www.instagram.com/theelcarajo/,official_instagram,venue_owned_needs_permission,high,"Profile picture is usually the logo — ask the venue for the original file, do not screenshot. Spec: square business logo/avatar for the circular profile image over the hero.",
35d5c752-ef36-5b64-a47c-b5f49a66a340,Pasión del Cielo Coffee - Brickell,hero_image,,https://www.pasiondelcielo.com/,official_website,venue_owned_needs_permission,high,"Pick an authentic photo from the venue's own site (check for a press/media page first). Spec: authentic venue/experience photo, ≥800px wide, no generic stock.",
35d5c752-ef36-5b64-a47c-b5f49a66a340,Pasión del Cielo Coffee - Brickell,hero_image,,https://www.instagram.com/pasiondelcielocoffee/,official_instagram,venue_owned_needs_permission,high,"Venue's official Instagram — ask the venue for the original file, do not screenshot. Spec: authentic venue/experience photo, ≥800px wide, no generic stock.",
35d5c752-ef36-5b64-a47c-b5f49a66a340,Pasión del Cielo Coffee - Brickell,hero_image,,https://unsplash.com/s/photos/Pasi%C3%B3n%20del%20Cielo%20Coffee%20-%20Brickell%20miami,royalty_free,license_review_required,low,"Fallback only if no venue-owned option works. Also try Pexels/Wikimedia Commons. Verify the individual photo's license allows commercial use before approving. Spec: authentic venue/experience photo, ≥800px wide, no generic stock.",
35d5c752-ef36-5b64-a47c-b5f49a66a340,Pasión del Cielo Coffee - Brickell,venue_logo,,https://www.pasiondelcielo.com/,official_website,venue_owned_needs_permission,high,Look for the site's logo/brand or press/media page; ask the venue for the original file. Spec: square business logo/avatar for the circular profile image over the hero.,
35d5c752-ef36-5b64-a47c-b5f49a66a340,Pasión del Cielo Coffee - Brickell,venue_logo,,https://www.instagram.com/pasiondelcielocoffee/,official_instagram,venue_owned_needs_permission,high,"Profile picture is usually the logo — ask the venue for the original file, do not screenshot. Spec: square business logo/avatar for the circular profile image over the hero.",
2ef644f5-f352-5856-a454-47070ed877f8,Wynwood Walls,hero_image,,https://thewynwoodwalls.com/,official_website,venue_owned_needs_permission,high,"Pick an authentic photo from the venue's own site (check for a press/media page first). Spec: authentic venue/experience photo, ≥800px wide, no generic stock.",
2ef644f5-f352-5856-a454-47070ed877f8,Wynwood Walls,hero_image,,https://www.instagram.com/wynwoodwallsofficial/,official_instagram,venue_owned_needs_permission,high,"Venue's official Instagram — ask the venue for the original file, do not screenshot. Spec: authentic venue/experience photo, ≥800px wide, no generic stock.",
2ef644f5-f352-5856-a454-47070ed877f8,Wynwood Walls,hero_image,,https://unsplash.com/s/photos/Wynwood%20Walls%20miami,royalty_free,license_review_required,low,"Fallback only if no venue-owned option works. Also try Pexels/Wikimedia Commons. Verify the individual photo's license allows commercial use before approving. Spec: authentic venue/experience photo, ≥800px wide, no generic stock.",
2ef644f5-f352-5856-a454-47070ed877f8,Wynwood Walls,venue_logo,,https://thewynwoodwalls.com/,official_website,venue_owned_needs_permission,high,Look for the site's logo/brand or press/media page; ask the venue for the original file. Spec: square business logo/avatar for the circular profile image over the hero.,
2ef644f5-f352-5856-a454-47070ed877f8,Wynwood Walls,venue_logo,,https://www.instagram.com/wynwoodwallsofficial/,official_instagram,venue_owned_needs_permission,high,"Profile picture is usually the logo — ask the venue for the original file, do not screenshot. Spec: square business logo/avatar for the circular profile image over the hero.",
b66e6390-cdbf-5b91-a613-def6cb716e0d,Pérez Art Museum Miami,hero_image,,https://www.pamm.org/,official_website,venue_owned_needs_permission,high,"Pick an authentic photo from the venue's own site (check for a press/media page first). Spec: authentic venue/experience photo, ≥800px wide, no generic stock.",
b66e6390-cdbf-5b91-a613-def6cb716e0d,Pérez Art Museum Miami,hero_image,,https://www.instagram.com/pamm/,official_instagram,venue_owned_needs_permission,high,"Venue's official Instagram — ask the venue for the original file, do not screenshot. Spec: authentic venue/experience photo, ≥800px wide, no generic stock.",
b66e6390-cdbf-5b91-a613-def6cb716e0d,Pérez Art Museum Miami,hero_image,,https://unsplash.com/s/photos/P%C3%A9rez%20Art%20Museum%20Miami%20miami,royalty_free,license_review_required,low,"Fallback only if no venue-owned option works. Also try Pexels/Wikimedia Commons. Verify the individual photo's license allows commercial use before approving. Spec: authentic venue/experience photo, ≥800px wide, no generic stock.",
b66e6390-cdbf-5b91-a613-def6cb716e0d,Pérez Art Museum Miami,venue_logo,,https://www.pamm.org/,official_website,venue_owned_needs_permission,high,Look for the site's logo/brand or press/media page; ask the venue for the original file. Spec: square business logo/avatar for the circular profile image over the hero.,
b66e6390-cdbf-5b91-a613-def6cb716e0d,Pérez Art Museum Miami,venue_logo,,https://www.instagram.com/pamm/,official_instagram,venue_owned_needs_permission,high,"Profile picture is usually the logo — ask the venue for the original file, do not screenshot. Spec: square business logo/avatar for the circular profile image over the hero.",
26fad17b-865f-558e-a355-5c025c4ce02a,"Institute of Contemporary Art, Miami",hero_image,,https://icamiami.org/,official_website,venue_owned_needs_permission,high,"Pick an authentic photo from the venue's own site (check for a press/media page first). Spec: authentic venue/experience photo, ≥800px wide, no generic stock.",
26fad17b-865f-558e-a355-5c025c4ce02a,"Institute of Contemporary Art, Miami",hero_image,,https://www.instagram.com/icamiami/,official_instagram,venue_owned_needs_permission,high,"Venue's official Instagram — ask the venue for the original file, do not screenshot. Spec: authentic venue/experience photo, ≥800px wide, no generic stock.",
26fad17b-865f-558e-a355-5c025c4ce02a,"Institute of Contemporary Art, Miami",hero_image,,https://unsplash.com/s/photos/Institute%20of%20Contemporary%20Art%2C%20Miami%20miami,royalty_free,license_review_required,low,"Fallback only if no venue-owned option works. Also try Pexels/Wikimedia Commons. Verify the individual photo's license allows commercial use before approving. Spec: authentic venue/experience photo, ≥800px wide, no generic stock.",
26fad17b-865f-558e-a355-5c025c4ce02a,"Institute of Contemporary Art, Miami",venue_logo,,https://icamiami.org/,official_website,venue_owned_needs_permission,high,Look for the site's logo/brand or press/media page; ask the venue for the original file. Spec: square business logo/avatar for the circular profile image over the hero.,
26fad17b-865f-558e-a355-5c025c4ce02a,"Institute of Contemporary Art, Miami",venue_logo,,https://www.instagram.com/icamiami/,official_instagram,venue_owned_needs_permission,high,"Profile picture is usually the logo — ask the venue for the original file, do not screenshot. Spec: square business logo/avatar for the circular profile image over the hero.",
1289e7fc-a10a-5f27-abda-c1e52cc67b09,Bachour Coral Gables,hero_image,,https://antoniobachour.com/,official_website,venue_owned_needs_permission,high,"Pick an authentic photo from the venue's own site (check for a press/media page first). Spec: authentic venue/experience photo, ≥800px wide, no generic stock.",
1289e7fc-a10a-5f27-abda-c1e52cc67b09,Bachour Coral Gables,hero_image,,https://www.instagram.com/bachourmiami/,official_instagram,venue_owned_needs_permission,high,"Venue's official Instagram — ask the venue for the original file, do not screenshot. Spec: authentic venue/experience photo, ≥800px wide, no generic stock.",
1289e7fc-a10a-5f27-abda-c1e52cc67b09,Bachour Coral Gables,hero_image,,https://unsplash.com/s/photos/Bachour%20Coral%20Gables%20miami,royalty_free,license_review_required,low,"Fallback only if no venue-owned option works. Also try Pexels/Wikimedia Commons. Verify the individual photo's license allows commercial use before approving. Spec: authentic venue/experience photo, ≥800px wide, no generic stock.",
1289e7fc-a10a-5f27-abda-c1e52cc67b09,Bachour Coral Gables,venue_logo,,https://antoniobachour.com/,official_website,venue_owned_needs_permission,high,Look for the site's logo/brand or press/media page; ask the venue for the original file. Spec: square business logo/avatar for the circular profile image over the hero.,
1289e7fc-a10a-5f27-abda-c1e52cc67b09,Bachour Coral Gables,venue_logo,,https://www.instagram.com/bachourmiami/,official_instagram,venue_owned_needs_permission,high,"Profile picture is usually the logo — ask the venue for the original file, do not screenshot. Spec: square business logo/avatar for the circular profile image over the hero.",
f0fcafb0-90d7-54aa-84e4-1532ed7f1801,The Temple House,hero_image,,https://thetemplehouse.com/,official_website,venue_owned_needs_permission,high,"Pick an authentic photo from the venue's own site (check for a press/media page first). Spec: authentic venue/experience photo, ≥800px wide, no generic stock.",
f0fcafb0-90d7-54aa-84e4-1532ed7f1801,The Temple House,hero_image,,https://www.instagram.com/thetemplehouse/,official_instagram,venue_owned_needs_permission,high,"Venue's official Instagram — ask the venue for the original file, do not screenshot. Spec: authentic venue/experience photo, ≥800px wide, no generic stock.",
f0fcafb0-90d7-54aa-84e4-1532ed7f1801,The Temple House,hero_image,,https://unsplash.com/s/photos/The%20Temple%20House%20miami,royalty_free,license_review_required,low,"Fallback only if no venue-owned option works. Also try Pexels/Wikimedia Commons. Verify the individual photo's license allows commercial use before approving. Spec: authentic venue/experience photo, ≥800px wide, no generic stock.",
f0fcafb0-90d7-54aa-84e4-1532ed7f1801,The Temple House,venue_logo,,https://thetemplehouse.com/,official_website,venue_owned_needs_permission,high,Look for the site's logo/brand or press/media page; ask the venue for the original file. Spec: square business logo/avatar for the circular profile image over the hero.,
f0fcafb0-90d7-54aa-84e4-1532ed7f1801,The Temple House,venue_logo,,https://www.instagram.com/thetemplehouse/,official_instagram,venue_owned_needs_permission,high,"Profile picture is usually the logo — ask the venue for the original file, do not screenshot. Spec: square business logo/avatar for the circular profile image over the hero.",
fc2b6028-5ab4-5b0d-897b-b2a91baadbf9,E11EVEN Miami,hero_image,,https://www.11miami.com/,official_website,venue_owned_needs_permission,high,"Pick an authentic photo from the venue's own site (check for a press/media page first). Spec: authentic venue/experience photo, ≥800px wide, no generic stock.",
fc2b6028-5ab4-5b0d-897b-b2a91baadbf9,E11EVEN Miami,hero_image,,https://www.instagram.com/11miami/,official_instagram,venue_owned_needs_permission,high,"Venue's official Instagram — ask the venue for the original file, do not screenshot. Spec: authentic venue/experience photo, ≥800px wide, no generic stock.",
fc2b6028-5ab4-5b0d-897b-b2a91baadbf9,E11EVEN Miami,hero_image,,https://unsplash.com/s/photos/E11EVEN%20Miami%20miami,royalty_free,license_review_required,low,"Fallback only if no venue-owned option works. Also try Pexels/Wikimedia Commons. Verify the individual photo's license allows commercial use before approving. Spec: authentic venue/experience photo, ≥800px wide, no generic stock.",
fc2b6028-5ab4-5b0d-897b-b2a91baadbf9,E11EVEN Miami,venue_logo,,https://www.11miami.com/,official_website,venue_owned_needs_permission,high,Look for the site's logo/brand or press/media page; ask the venue for the original file. Spec: square business logo/avatar for the circular profile image over the hero.,
fc2b6028-5ab4-5b0d-897b-b2a91baadbf9,E11EVEN Miami,venue_logo,,https://www.instagram.com/11miami/,official_instagram,venue_owned_needs_permission,high,"Profile picture is usually the logo — ask the venue for the original file, do not screenshot. Spec: square business logo/avatar for the circular profile image over the hero.",
a8f2d4f3-8541-55f8-9972-60574a392f48,"Sugar Rooftop at EAST, Miami",hero_image,,https://www.easthotels.com/en/miami/restaurants-and-bars/sugar/,official_website,venue_owned_needs_permission,high,"Pick an authentic photo from the venue's own site (check for a press/media page first). Spec: authentic venue/experience photo, ≥800px wide, no generic stock.",
a8f2d4f3-8541-55f8-9972-60574a392f48,"Sugar Rooftop at EAST, Miami",hero_image,,https://www.instagram.com/sugar.rooftop/,official_instagram,venue_owned_needs_permission,high,"Venue's official Instagram — ask the venue for the original file, do not screenshot. Spec: authentic venue/experience photo, ≥800px wide, no generic stock.",
a8f2d4f3-8541-55f8-9972-60574a392f48,"Sugar Rooftop at EAST, Miami",hero_image,,https://unsplash.com/s/photos/Sugar%20Rooftop%20at%20EAST%2C%20Miami%20miami,royalty_free,license_review_required,low,"Fallback only if no venue-owned option works. Also try Pexels/Wikimedia Commons. Verify the individual photo's license allows commercial use before approving. Spec: authentic venue/experience photo, ≥800px wide, no generic stock.",
a8f2d4f3-8541-55f8-9972-60574a392f48,"Sugar Rooftop at EAST, Miami",venue_logo,,https://www.easthotels.com/en/miami/restaurants-and-bars/sugar/,official_website,venue_owned_needs_permission,high,Look for the site's logo/brand or press/media page; ask the venue for the original file. Spec: square business logo/avatar for the circular profile image over the hero.,
a8f2d4f3-8541-55f8-9972-60574a392f48,"Sugar Rooftop at EAST, Miami",venue_logo,,https://www.instagram.com/sugar.rooftop/,official_instagram,venue_owned_needs_permission,high,"Profile picture is usually the logo — ask the venue for the original file, do not screenshot. Spec: square business logo/avatar for the circular profile image over the hero.",
e80da8a5-6380-505e-9246-d6fa2f2af0a4,Lagniappe,hero_image,,http://www.lagniappehouse.com/,official_website,venue_owned_needs_permission,high,"Pick an authentic photo from the venue's own site (check for a press/media page first). Spec: authentic venue/experience photo, ≥800px wide, no generic stock.",
e80da8a5-6380-505e-9246-d6fa2f2af0a4,Lagniappe,hero_image,,https://www.instagram.com/lagniappehouse/,official_instagram,venue_owned_needs_permission,high,"Venue's official Instagram — ask the venue for the original file, do not screenshot. Spec: authentic venue/experience photo, ≥800px wide, no generic stock.",
e80da8a5-6380-505e-9246-d6fa2f2af0a4,Lagniappe,hero_image,,https://unsplash.com/s/photos/Lagniappe%20miami,royalty_free,license_review_required,low,"Fallback only if no venue-owned option works. Also try Pexels/Wikimedia Commons. Verify the individual photo's license allows commercial use before approving. Spec: authentic venue/experience photo, ≥800px wide, no generic stock.",
e80da8a5-6380-505e-9246-d6fa2f2af0a4,Lagniappe,venue_logo,,http://www.lagniappehouse.com/,official_website,venue_owned_needs_permission,high,Look for the site's logo/brand or press/media page; ask the venue for the original file. Spec: square business logo/avatar for the circular profile image over the hero.,
e80da8a5-6380-505e-9246-d6fa2f2af0a4,Lagniappe,venue_logo,,https://www.instagram.com/lagniappehouse/,official_instagram,venue_owned_needs_permission,high,"Profile picture is usually the logo — ask the venue for the original file, do not screenshot. Spec: square business logo/avatar for the circular profile image over the hero.",
c7725659-24d7-51eb-ba92-468c2622bbce,Dante's HiFi,hero_image,,https://danteshifi.com/,official_website,venue_owned_needs_permission,high,"Pick an authentic photo from the venue's own site (check for a press/media page first). Spec: authentic venue/experience photo, ≥800px wide, no generic stock.",
c7725659-24d7-51eb-ba92-468c2622bbce,Dante's HiFi,hero_image,,https://www.instagram.com/danteshifi/,official_instagram,venue_owned_needs_permission,high,"Venue's official Instagram — ask the venue for the original file, do not screenshot. Spec: authentic venue/experience photo, ≥800px wide, no generic stock.",
c7725659-24d7-51eb-ba92-468c2622bbce,Dante's HiFi,hero_image,,https://unsplash.com/s/photos/Dante's%20HiFi%20miami,royalty_free,license_review_required,low,"Fallback only if no venue-owned option works. Also try Pexels/Wikimedia Commons. Verify the individual photo's license allows commercial use before approving. Spec: authentic venue/experience photo, ≥800px wide, no generic stock.",
c7725659-24d7-51eb-ba92-468c2622bbce,Dante's HiFi,venue_logo,,https://danteshifi.com/,official_website,venue_owned_needs_permission,high,Look for the site's logo/brand or press/media page; ask the venue for the original file. Spec: square business logo/avatar for the circular profile image over the hero.,
c7725659-24d7-51eb-ba92-468c2622bbce,Dante's HiFi,venue_logo,,https://www.instagram.com/danteshifi/,official_instagram,venue_owned_needs_permission,high,"Profile picture is usually the logo — ask the venue for the original file, do not screenshot. Spec: square business logo/avatar for the circular profile image over the hero.",
7d118a13-e2cd-5075-aa27-6bfe755b95c6,Superblue Miami,hero_image,,https://www.superblue.com/,official_website,venue_owned_needs_permission,high,"Pick an authentic photo from the venue's own site (check for a press/media page first). Spec: authentic venue/experience photo, ≥800px wide, no generic stock.",
7d118a13-e2cd-5075-aa27-6bfe755b95c6,Superblue Miami,hero_image,,https://www.instagram.com/superbluemiami/,official_instagram,venue_owned_needs_permission,high,"Venue's official Instagram — ask the venue for the original file, do not screenshot. Spec: authentic venue/experience photo, ≥800px wide, no generic stock.",
7d118a13-e2cd-5075-aa27-6bfe755b95c6,Superblue Miami,hero_image,,https://unsplash.com/s/photos/Superblue%20Miami%20miami,royalty_free,license_review_required,low,"Fallback only if no venue-owned option works. Also try Pexels/Wikimedia Commons. Verify the individual photo's license allows commercial use before approving. Spec: authentic venue/experience photo, ≥800px wide, no generic stock.",
7d118a13-e2cd-5075-aa27-6bfe755b95c6,Superblue Miami,venue_logo,,https://www.superblue.com/,official_website,venue_owned_needs_permission,high,Look for the site's logo/brand or press/media page; ask the venue for the original file. Spec: square business logo/avatar for the circular profile image over the hero.,
7d118a13-e2cd-5075-aa27-6bfe755b95c6,Superblue Miami,venue_logo,,https://www.instagram.com/superbluemiami/,official_instagram,venue_owned_needs_permission,high,"Profile picture is usually the logo — ask the venue for the original file, do not screenshot. Spec: square business logo/avatar for the circular profile image over the hero.",
5a677ae0-ca95-55d4-9795-13c09141303a,"The Standard Spa, Miami Beach",hero_image,,https://www.standardhotels.com/miami/properties/miami-beach,official_website,venue_owned_needs_permission,high,"Pick an authentic photo from the venue's own site (check for a press/media page first). Spec: authentic venue/experience photo, ≥800px wide, no generic stock.",
5a677ae0-ca95-55d4-9795-13c09141303a,"The Standard Spa, Miami Beach",hero_image,,https://www.instagram.com/thestandardmiami/,official_instagram,venue_owned_needs_permission,high,"Venue's official Instagram — ask the venue for the original file, do not screenshot. Spec: authentic venue/experience photo, ≥800px wide, no generic stock.",
5a677ae0-ca95-55d4-9795-13c09141303a,"The Standard Spa, Miami Beach",hero_image,,https://unsplash.com/s/photos/The%20Standard%20Spa%2C%20Miami%20Beach%20miami,royalty_free,license_review_required,low,"Fallback only if no venue-owned option works. Also try Pexels/Wikimedia Commons. Verify the individual photo's license allows commercial use before approving. Spec: authentic venue/experience photo, ≥800px wide, no generic stock.",
5a677ae0-ca95-55d4-9795-13c09141303a,"The Standard Spa, Miami Beach",venue_logo,,https://www.standardhotels.com/miami/properties/miami-beach,official_website,venue_owned_needs_permission,high,Look for the site's logo/brand or press/media page; ask the venue for the original file. Spec: square business logo/avatar for the circular profile image over the hero.,
5a677ae0-ca95-55d4-9795-13c09141303a,"The Standard Spa, Miami Beach",venue_logo,,https://www.instagram.com/thestandardmiami/,official_instagram,venue_owned_needs_permission,high,"Profile picture is usually the logo — ask the venue for the original file, do not screenshot. Spec: square business logo/avatar for the circular profile image over the hero.",
fb79ddde-85fd-521c-a354-0dd4a144a96f,Komodo Miami,hero_image,,https://komodomiami.com/,official_website,venue_owned_needs_permission,high,"Pick an authentic photo from the venue's own site (check for a press/media page first). Spec: authentic venue/experience photo, ≥800px wide, no generic stock.",
fb79ddde-85fd-521c-a354-0dd4a144a96f,Komodo Miami,hero_image,,https://www.instagram.com/komodomiami/,official_instagram,venue_owned_needs_permission,high,"Venue's official Instagram — ask the venue for the original file, do not screenshot. Spec: authentic venue/experience photo, ≥800px wide, no generic stock.",
fb79ddde-85fd-521c-a354-0dd4a144a96f,Komodo Miami,hero_image,,https://unsplash.com/s/photos/Komodo%20Miami%20miami,royalty_free,license_review_required,low,"Fallback only if no venue-owned option works. Also try Pexels/Wikimedia Commons. Verify the individual photo's license allows commercial use before approving. Spec: authentic venue/experience photo, ≥800px wide, no generic stock.",
fb79ddde-85fd-521c-a354-0dd4a144a96f,Komodo Miami,venue_logo,,https://komodomiami.com/,official_website,venue_owned_needs_permission,high,Look for the site's logo/brand or press/media page; ask the venue for the original file. Spec: square business logo/avatar for the circular profile image over the hero.,
fb79ddde-85fd-521c-a354-0dd4a144a96f,Komodo Miami,venue_logo,,https://www.instagram.com/komodomiami/,official_instagram,venue_owned_needs_permission,high,"Profile picture is usually the logo — ask the venue for the original file, do not screenshot. Spec: square business logo/avatar for the circular profile image over the hero.",
307c71dc-ad8e-546a-89b3-7327c535d063,Joia Beach Restaurant and Beach Club,hero_image,,https://joiabeachmiami.com/,official_website,venue_owned_needs_permission,high,"Pick an authentic photo from the venue's own site (check for a press/media page first). Spec: authentic venue/experience photo, ≥800px wide, no generic stock.",
307c71dc-ad8e-546a-89b3-7327c535d063,Joia Beach Restaurant and Beach Club,hero_image,,https://www.instagram.com/joiabeach/,official_instagram,venue_owned_needs_permission,high,"Venue's official Instagram — ask the venue for the original file, do not screenshot. Spec: authentic venue/experience photo, ≥800px wide, no generic stock.",
307c71dc-ad8e-546a-89b3-7327c535d063,Joia Beach Restaurant and Beach Club,hero_image,,https://unsplash.com/s/photos/Joia%20Beach%20Restaurant%20and%20Beach%20Club%20miami,royalty_free,license_review_required,low,"Fallback only if no venue-owned option works. Also try Pexels/Wikimedia Commons. Verify the individual photo's license allows commercial use before approving. Spec: authentic venue/experience photo, ≥800px wide, no generic stock.",
307c71dc-ad8e-546a-89b3-7327c535d063,Joia Beach Restaurant and Beach Club,venue_logo,,https://joiabeachmiami.com/,official_website,venue_owned_needs_permission,high,Look for the site's logo/brand or press/media page; ask the venue for the original file. Spec: square business logo/avatar for the circular profile image over the hero.,
307c71dc-ad8e-546a-89b3-7327c535d063,Joia Beach Restaurant and Beach Club,venue_logo,,https://www.instagram.com/joiabeach/,official_instagram,venue_owned_needs_permission,high,"Profile picture is usually the logo — ask the venue for the original file, do not screenshot. Spec: square business logo/avatar for the circular profile image over the hero.",
125eb697-a516-549b-a97c-14829ae553c7,Sexy Fish Miami,hero_image,,https://sexyfishmiami.com/,official_website,venue_owned_needs_permission,high,"Pick an authentic photo from the venue's own site (check for a press/media page first). Spec: authentic venue/experience photo, ≥800px wide, no generic stock.",
125eb697-a516-549b-a97c-14829ae553c7,Sexy Fish Miami,hero_image,,https://www.instagram.com/sexyfishmiami/,official_instagram,venue_owned_needs_permission,high,"Venue's official Instagram — ask the venue for the original file, do not screenshot. Spec: authentic venue/experience photo, ≥800px wide, no generic stock.",
125eb697-a516-549b-a97c-14829ae553c7,Sexy Fish Miami,hero_image,,https://unsplash.com/s/photos/Sexy%20Fish%20Miami%20miami,royalty_free,license_review_required,low,"Fallback only if no venue-owned option works. Also try Pexels/Wikimedia Commons. Verify the individual photo's license allows commercial use before approving. Spec: authentic venue/experience photo, ≥800px wide, no generic stock.",
125eb697-a516-549b-a97c-14829ae553c7,Sexy Fish Miami,venue_logo,,https://sexyfishmiami.com/,official_website,venue_owned_needs_permission,high,Look for the site's logo/brand or press/media page; ask the venue for the original file. Spec: square business logo/avatar for the circular profile image over the hero.,
125eb697-a516-549b-a97c-14829ae553c7,Sexy Fish Miami,venue_logo,,https://www.instagram.com/sexyfishmiami/,official_instagram,venue_owned_needs_permission,high,"Profile picture is usually the logo — ask the venue for the original file, do not screenshot. Spec: square business logo/avatar for the circular profile image over the hero.",
93a9ffe4-4e23-52b4-bb65-48ec6a292592,The Bass,hero_image,,https://thebass.org/,official_website,venue_owned_needs_permission,high,"Pick an authentic photo from the venue's own site (check for a press/media page first). Spec: authentic venue/experience photo, ≥800px wide, no generic stock.",
93a9ffe4-4e23-52b4-bb65-48ec6a292592,The Bass,hero_image,,https://www.instagram.com/thebassmoa/,official_instagram,venue_owned_needs_permission,high,"Venue's official Instagram — ask the venue for the original file, do not screenshot. Spec: authentic venue/experience photo, ≥800px wide, no generic stock.",
93a9ffe4-4e23-52b4-bb65-48ec6a292592,The Bass,hero_image,,https://unsplash.com/s/photos/The%20Bass%20miami,royalty_free,license_review_required,low,"Fallback only if no venue-owned option works. Also try Pexels/Wikimedia Commons. Verify the individual photo's license allows commercial use before approving. Spec: authentic venue/experience photo, ≥800px wide, no generic stock.",
93a9ffe4-4e23-52b4-bb65-48ec6a292592,The Bass,venue_logo,,https://thebass.org/,official_website,venue_owned_needs_permission,high,Look for the site's logo/brand or press/media page; ask the venue for the original file. Spec: square business logo/avatar for the circular profile image over the hero.,
93a9ffe4-4e23-52b4-bb65-48ec6a292592,The Bass,venue_logo,,https://www.instagram.com/thebassmoa/,official_instagram,venue_owned_needs_permission,high,"Profile picture is usually the logo — ask the venue for the original file, do not screenshot. Spec: square business logo/avatar for the circular profile image over the hero.",
e31072cf-e83b-5c36-8254-55a69d2bd500,Ball & Chain,hero_image,,https://ballandchainmiami.com/,official_website,venue_owned_needs_permission,high,"Pick an authentic photo from the venue's own site (check for a press/media page first). Spec: authentic venue/experience photo, ≥800px wide, no generic stock.",
e31072cf-e83b-5c36-8254-55a69d2bd500,Ball & Chain,hero_image,,https://www.instagram.com/ballandchainmia/,official_instagram,venue_owned_needs_permission,high,"Venue's official Instagram — ask the venue for the original file, do not screenshot. Spec: authentic venue/experience photo, ≥800px wide, no generic stock.",
e31072cf-e83b-5c36-8254-55a69d2bd500,Ball & Chain,hero_image,,https://unsplash.com/s/photos/Ball%20%26%20Chain%20miami,royalty_free,license_review_required,low,"Fallback only if no venue-owned option works. Also try Pexels/Wikimedia Commons. Verify the individual photo's license allows commercial use before approving. Spec: authentic venue/experience photo, ≥800px wide, no generic stock.",
e31072cf-e83b-5c36-8254-55a69d2bd500,Ball & Chain,venue_logo,,https://ballandchainmiami.com/,official_website,venue_owned_needs_permission,high,Look for the site's logo/brand or press/media page; ask the venue for the original file. Spec: square business logo/avatar for the circular profile image over the hero.,
e31072cf-e83b-5c36-8254-55a69d2bd500,Ball & Chain,venue_logo,,https://www.instagram.com/ballandchainmia/,official_instagram,venue_owned_needs_permission,high,"Profile picture is usually the logo — ask the venue for the original file, do not screenshot. Spec: square business logo/avatar for the circular profile image over the hero.",
1bc37699-6441-5d08-8919-5e8862c51266,Rubell Museum,hero_image,,https://rubellmuseum.org/,official_website,venue_owned_needs_permission,high,"Pick an authentic photo from the venue's own site (check for a press/media page first). Spec: authentic venue/experience photo, ≥800px wide, no generic stock.",
1bc37699-6441-5d08-8919-5e8862c51266,Rubell Museum,hero_image,,https://www.instagram.com/rubellmuseum/,official_instagram,venue_owned_needs_permission,high,"Venue's official Instagram — ask the venue for the original file, do not screenshot. Spec: authentic venue/experience photo, ≥800px wide, no generic stock.",
1bc37699-6441-5d08-8919-5e8862c51266,Rubell Museum,hero_image,,https://unsplash.com/s/photos/Rubell%20Museum%20miami,royalty_free,license_review_required,low,"Fallback only if no venue-owned option works. Also try Pexels/Wikimedia Commons. Verify the individual photo's license allows commercial use before approving. Spec: authentic venue/experience photo, ≥800px wide, no generic stock.",
1bc37699-6441-5d08-8919-5e8862c51266,Rubell Museum,venue_logo,,https://rubellmuseum.org/,official_website,venue_owned_needs_permission,high,Look for the site's logo/brand or press/media page; ask the venue for the original file. Spec: square business logo/avatar for the circular profile image over the hero.,
1bc37699-6441-5d08-8919-5e8862c51266,Rubell Museum,venue_logo,,https://www.instagram.com/rubellmuseum/,official_instagram,venue_owned_needs_permission,high,"Profile picture is usually the logo — ask the venue for the original file, do not screenshot. Spec: square business logo/avatar for the circular profile image over the hero.",
5cb22f72-5dd3-526f-9ef4-63e9926b1f0f,Brickell City Centre,hero_image,,https://brickellcitycentre.com/,official_website,venue_owned_needs_permission,high,"Pick an authentic photo from the venue's own site (check for a press/media page first). Spec: authentic venue/experience photo, ≥800px wide, no generic stock.",
5cb22f72-5dd3-526f-9ef4-63e9926b1f0f,Brickell City Centre,hero_image,,https://www.instagram.com/brickellcitycentre/,official_instagram,venue_owned_needs_permission,high,"Venue's official Instagram — ask the venue for the original file, do not screenshot. Spec: authentic venue/experience photo, ≥800px wide, no generic stock.",
5cb22f72-5dd3-526f-9ef4-63e9926b1f0f,Brickell City Centre,hero_image,,https://unsplash.com/s/photos/Brickell%20City%20Centre%20miami,royalty_free,license_review_required,low,"Fallback only if no venue-owned option works. Also try Pexels/Wikimedia Commons. Verify the individual photo's license allows commercial use before approving. Spec: authentic venue/experience photo, ≥800px wide, no generic stock.",
5cb22f72-5dd3-526f-9ef4-63e9926b1f0f,Brickell City Centre,venue_logo,,https://brickellcitycentre.com/,official_website,venue_owned_needs_permission,high,Look for the site's logo/brand or press/media page; ask the venue for the original file. Spec: square business logo/avatar for the circular profile image over the hero.,
5cb22f72-5dd3-526f-9ef4-63e9926b1f0f,Brickell City Centre,venue_logo,,https://www.instagram.com/brickellcitycentre/,official_instagram,venue_owned_needs_permission,high,"Profile picture is usually the logo — ask the venue for the original file, do not screenshot. Spec: square business logo/avatar for the circular profile image over the hero.",
77ea42de-fedb-5fbd-a6a1-a84449b9d87c,Bayside Marketplace,hero_image,,https://baysidemarketplace.com/,official_website,venue_owned_needs_permission,high,"Pick an authentic photo from the venue's own site (check for a press/media page first). Spec: authentic venue/experience photo, ≥800px wide, no generic stock.",
77ea42de-fedb-5fbd-a6a1-a84449b9d87c,Bayside Marketplace,hero_image,,https://www.instagram.com/baysidemarketplace/,official_instagram,venue_owned_needs_permission,high,"Venue's official Instagram — ask the venue for the original file, do not screenshot. Spec: authentic venue/experience photo, ≥800px wide, no generic stock.",
77ea42de-fedb-5fbd-a6a1-a84449b9d87c,Bayside Marketplace,hero_image,,https://unsplash.com/s/photos/Bayside%20Marketplace%20miami,royalty_free,license_review_required,low,"Fallback only if no venue-owned option works. Also try Pexels/Wikimedia Commons. Verify the individual photo's license allows commercial use before approving. Spec: authentic venue/experience photo, ≥800px wide, no generic stock.",
77ea42de-fedb-5fbd-a6a1-a84449b9d87c,Bayside Marketplace,venue_logo,,https://baysidemarketplace.com/,official_website,venue_owned_needs_permission,high,Look for the site's logo/brand or press/media page; ask the venue for the original file. Spec: square business logo/avatar for the circular profile image over the hero.,
77ea42de-fedb-5fbd-a6a1-a84449b9d87c,Bayside Marketplace,venue_logo,,https://www.instagram.com/baysidemarketplace/,official_instagram,venue_owned_needs_permission,high,"Profile picture is usually the logo — ask the venue for the original file, do not screenshot. Spec: square business logo/avatar for the circular profile image over the hero.",
7c60b065-a84e-58da-8f06-a3f4587a8cfa,1-800-Lucky,hero_image,,https://1800lucky.com/,official_website,venue_owned_needs_permission,high,"Pick an authentic photo from the venue's own site (check for a press/media page first). Spec: authentic venue/experience photo, ≥800px wide, no generic stock.",
7c60b065-a84e-58da-8f06-a3f4587a8cfa,1-800-Lucky,hero_image,,https://www.instagram.com/1800lucky/,official_instagram,venue_owned_needs_permission,high,"Venue's official Instagram — ask the venue for the original file, do not screenshot. Spec: authentic venue/experience photo, ≥800px wide, no generic stock.",
7c60b065-a84e-58da-8f06-a3f4587a8cfa,1-800-Lucky,hero_image,,https://unsplash.com/s/photos/1-800-Lucky%20miami,royalty_free,license_review_required,low,"Fallback only if no venue-owned option works. Also try Pexels/Wikimedia Commons. Verify the individual photo's license allows commercial use before approving. Spec: authentic venue/experience photo, ≥800px wide, no generic stock.",
7c60b065-a84e-58da-8f06-a3f4587a8cfa,1-800-Lucky,venue_logo,,https://1800lucky.com/,official_website,venue_owned_needs_permission,high,Look for the site's logo/brand or press/media page; ask the venue for the original file. Spec: square business logo/avatar for the circular profile image over the hero.,
7c60b065-a84e-58da-8f06-a3f4587a8cfa,1-800-Lucky,venue_logo,,https://www.instagram.com/1800lucky/,official_instagram,venue_owned_needs_permission,high,"Profile picture is usually the logo — ask the venue for the original file, do not screenshot. Spec: square business logo/avatar for the circular profile image over the hero.",
3f5adf54-783c-5f9d-b1a5-0816fbea53ef,Lummus Park,hero_image,,https://www.miamibeachfl.gov/city-hall/parks-and-recreation/parks-facilities-directory/lummus-park/,official_website,venue_owned_needs_permission,high,"Pick an authentic photo from the venue's own site (check for a press/media page first). Spec: authentic venue/experience photo, ≥800px wide, no generic stock.",
3f5adf54-783c-5f9d-b1a5-0816fbea53ef,Lummus Park,hero_image,,https://www.instagram.com/cityofmiamibeach/,official_instagram,venue_owned_needs_permission,high,"Venue's official Instagram — ask the venue for the original file, do not screenshot. Spec: authentic venue/experience photo, ≥800px wide, no generic stock.",
3f5adf54-783c-5f9d-b1a5-0816fbea53ef,Lummus Park,hero_image,,https://unsplash.com/s/photos/Lummus%20Park%20miami,royalty_free,license_review_required,low,"Fallback only if no venue-owned option works. Also try Pexels/Wikimedia Commons. Verify the individual photo's license allows commercial use before approving. Spec: authentic venue/experience photo, ≥800px wide, no generic stock.",
3f5adf54-783c-5f9d-b1a5-0816fbea53ef,Lummus Park,venue_logo,,https://www.miamibeachfl.gov/city-hall/parks-and-recreation/parks-facilities-directory/lummus-park/,official_website,venue_owned_needs_permission,high,Look for the site's logo/brand or press/media page; ask the venue for the original file. Spec: square business logo/avatar for the circular profile image over the hero.,
3f5adf54-783c-5f9d-b1a5-0816fbea53ef,Lummus Park,venue_logo,,https://www.instagram.com/cityofmiamibeach/,official_instagram,venue_owned_needs_permission,high,"Profile picture is usually the logo — ask the venue for the original file, do not screenshot. Spec: square business logo/avatar for the circular profile image over the hero.",
8bcf25da-8073-5260-8722-2bf942b352fa,Miami Design District,hero_image,,https://www.miamidesigndistrict.com/,official_website,venue_owned_needs_permission,high,"Pick an authentic photo from the venue's own site (check for a press/media page first). Spec: authentic venue/experience photo, ≥800px wide, no generic stock.",
8bcf25da-8073-5260-8722-2bf942b352fa,Miami Design District,hero_image,,https://www.instagram.com/miamidesigndistrict/,official_instagram,venue_owned_needs_permission,high,"Venue's official Instagram — ask the venue for the original file, do not screenshot. Spec: authentic venue/experience photo, ≥800px wide, no generic stock.",
8bcf25da-8073-5260-8722-2bf942b352fa,Miami Design District,hero_image,,https://unsplash.com/s/photos/Miami%20Design%20District%20miami,royalty_free,license_review_required,low,"Fallback only if no venue-owned option works. Also try Pexels/Wikimedia Commons. Verify the individual photo's license allows commercial use before approving. Spec: authentic venue/experience photo, ≥800px wide, no generic stock.",
8bcf25da-8073-5260-8722-2bf942b352fa,Miami Design District,venue_logo,,https://www.miamidesigndistrict.com/,official_website,venue_owned_needs_permission,high,Look for the site's logo/brand or press/media page; ask the venue for the original file. Spec: square business logo/avatar for the circular profile image over the hero.,
8bcf25da-8073-5260-8722-2bf942b352fa,Miami Design District,venue_logo,,https://www.instagram.com/miamidesigndistrict/,official_instagram,venue_owned_needs_permission,high,"Profile picture is usually the logo — ask the venue for the original file, do not screenshot. Spec: square business logo/avatar for the circular profile image over the hero.",
6f78cab4-49e2-5ad2-b540-b9b05ee13985,Miami Worldcenter,hero_image,,https://miamiworldcenter.com/,official_website,venue_owned_needs_permission,high,"Pick an authentic photo from the venue's own site (check for a press/media page first). Spec: authentic venue/experience photo, ≥800px wide, no generic stock.",
6f78cab4-49e2-5ad2-b540-b9b05ee13985,Miami Worldcenter,hero_image,,https://www.instagram.com/miamiworldcenter/,official_instagram,venue_owned_needs_permission,high,"Venue's official Instagram — ask the venue for the original file, do not screenshot. Spec: authentic venue/experience photo, ≥800px wide, no generic stock.",
6f78cab4-49e2-5ad2-b540-b9b05ee13985,Miami Worldcenter,hero_image,,https://unsplash.com/s/photos/Miami%20Worldcenter%20miami,royalty_free,license_review_required,low,"Fallback only if no venue-owned option works. Also try Pexels/Wikimedia Commons. Verify the individual photo's license allows commercial use before approving. Spec: authentic venue/experience photo, ≥800px wide, no generic stock.",
6f78cab4-49e2-5ad2-b540-b9b05ee13985,Miami Worldcenter,venue_logo,,https://miamiworldcenter.com/,official_website,venue_owned_needs_permission,high,Look for the site's logo/brand or press/media page; ask the venue for the original file. Spec: square business logo/avatar for the circular profile image over the hero.,
6f78cab4-49e2-5ad2-b540-b9b05ee13985,Miami Worldcenter,venue_logo,,https://www.instagram.com/miamiworldcenter/,official_instagram,venue_owned_needs_permission,high,"Profile picture is usually the logo — ask the venue for the original file, do not screenshot. Spec: square business logo/avatar for the circular profile image over the hero.",
ef37220b-c1f4-578a-b0cc-2bbe3b575fb4,Miracle Mile,hero_image,,https://www.coralgables.com/attractions/miracle-mile,official_website,venue_owned_needs_permission,high,"Pick an authentic photo from the venue's own site (check for a press/media page first). Spec: authentic venue/experience photo, ≥800px wide, no generic stock.",
ef37220b-c1f4-578a-b0cc-2bbe3b575fb4,Miracle Mile,hero_image,,https://www.instagram.com/cityofcoralgables/,official_instagram,venue_owned_needs_permission,high,"Venue's official Instagram — ask the venue for the original file, do not screenshot. Spec: authentic venue/experience photo, ≥800px wide, no generic stock.",
ef37220b-c1f4-578a-b0cc-2bbe3b575fb4,Miracle Mile,hero_image,,https://unsplash.com/s/photos/Miracle%20Mile%20miami,royalty_free,license_review_required,low,"Fallback only if no venue-owned option works. Also try Pexels/Wikimedia Commons. Verify the individual photo's license allows commercial use before approving. Spec: authentic venue/experience photo, ≥800px wide, no generic stock.",
ef37220b-c1f4-578a-b0cc-2bbe3b575fb4,Miracle Mile,venue_logo,,https://www.coralgables.com/attractions/miracle-mile,official_website,venue_owned_needs_permission,high,Look for the site's logo/brand or press/media page; ask the venue for the original file. Spec: square business logo/avatar for the circular profile image over the hero.,
ef37220b-c1f4-578a-b0cc-2bbe3b575fb4,Miracle Mile,venue_logo,,https://www.instagram.com/cityofcoralgables/,official_instagram,venue_owned_needs_permission,high,"Profile picture is usually the logo — ask the venue for the original file, do not screenshot. Spec: square business logo/avatar for the circular profile image over the hero.",
192fe224-7d8b-5c25-a708-4cfb241f0272,Kaseya Center,hero_image,,https://www.kaseyacenter.com/,official_website,venue_owned_needs_permission,high,"Pick an authentic photo from the venue's own site (check for a press/media page first). Spec: authentic venue/experience photo, ≥800px wide, no generic stock.",
192fe224-7d8b-5c25-a708-4cfb241f0272,Kaseya Center,hero_image,,https://www.instagram.com/kaseyacenter/,official_instagram,venue_owned_needs_permission,high,"Venue's official Instagram — ask the venue for the original file, do not screenshot. Spec: authentic venue/experience photo, ≥800px wide, no generic stock.",
192fe224-7d8b-5c25-a708-4cfb241f0272,Kaseya Center,hero_image,,https://unsplash.com/s/photos/Kaseya%20Center%20miami,royalty_free,license_review_required,low,"Fallback only if no venue-owned option works. Also try Pexels/Wikimedia Commons. Verify the individual photo's license allows commercial use before approving. Spec: authentic venue/experience photo, ≥800px wide, no generic stock.",
192fe224-7d8b-5c25-a708-4cfb241f0272,Kaseya Center,venue_logo,,https://www.kaseyacenter.com/,official_website,venue_owned_needs_permission,high,Look for the site's logo/brand or press/media page; ask the venue for the original file. Spec: square business logo/avatar for the circular profile image over the hero.,
192fe224-7d8b-5c25-a708-4cfb241f0272,Kaseya Center,venue_logo,,https://www.instagram.com/kaseyacenter/,official_instagram,venue_owned_needs_permission,high,"Profile picture is usually the logo — ask the venue for the original file, do not screenshot. Spec: square business logo/avatar for the circular profile image over the hero.",
208f2e94-7a65-5e42-b36d-4a2ea0992b46,Jungle Island,hero_image,,https://www.jungleisland.com/,official_website,venue_owned_needs_permission,high,"Pick an authentic photo from the venue's own site (check for a press/media page first). Spec: authentic venue/experience photo, ≥800px wide, no generic stock.",
208f2e94-7a65-5e42-b36d-4a2ea0992b46,Jungle Island,hero_image,,https://www.instagram.com/jungleisland/,official_instagram,venue_owned_needs_permission,high,"Venue's official Instagram — ask the venue for the original file, do not screenshot. Spec: authentic venue/experience photo, ≥800px wide, no generic stock.",
208f2e94-7a65-5e42-b36d-4a2ea0992b46,Jungle Island,hero_image,,https://unsplash.com/s/photos/Jungle%20Island%20miami,royalty_free,license_review_required,low,"Fallback only if no venue-owned option works. Also try Pexels/Wikimedia Commons. Verify the individual photo's license allows commercial use before approving. Spec: authentic venue/experience photo, ≥800px wide, no generic stock.",
208f2e94-7a65-5e42-b36d-4a2ea0992b46,Jungle Island,venue_logo,,https://www.jungleisland.com/,official_website,venue_owned_needs_permission,high,Look for the site's logo/brand or press/media page; ask the venue for the original file. Spec: square business logo/avatar for the circular profile image over the hero.,
208f2e94-7a65-5e42-b36d-4a2ea0992b46,Jungle Island,venue_logo,,https://www.instagram.com/jungleisland/,official_instagram,venue_owned_needs_permission,high,"Profile picture is usually the logo — ask the venue for the original file, do not screenshot. Spec: square business logo/avatar for the circular profile image over the hero.",
6ce551ac-e782-5f2d-9078-0dc88fa4db72,Giralda Plaza,hero_image,,https://www.coralgables.com/attractions/giralda-plaza,official_website,venue_owned_needs_permission,high,"Pick an authentic photo from the venue's own site (check for a press/media page first). Spec: authentic venue/experience photo, ≥800px wide, no generic stock.",
6ce551ac-e782-5f2d-9078-0dc88fa4db72,Giralda Plaza,hero_image,,https://www.instagram.com/giraldaplaza/,official_instagram,venue_owned_needs_permission,high,"Venue's official Instagram — ask the venue for the original file, do not screenshot. Spec: authentic venue/experience photo, ≥800px wide, no generic stock.",
6ce551ac-e782-5f2d-9078-0dc88fa4db72,Giralda Plaza,hero_image,,https://unsplash.com/s/photos/Giralda%20Plaza%20miami,royalty_free,license_review_required,low,"Fallback only if no venue-owned option works. Also try Pexels/Wikimedia Commons. Verify the individual photo's license allows commercial use before approving. Spec: authentic venue/experience photo, ≥800px wide, no generic stock.",
6ce551ac-e782-5f2d-9078-0dc88fa4db72,Giralda Plaza,venue_logo,,https://www.coralgables.com/attractions/giralda-plaza,official_website,venue_owned_needs_permission,high,Look for the site's logo/brand or press/media page; ask the venue for the original file. Spec: square business logo/avatar for the circular profile image over the hero.,
6ce551ac-e782-5f2d-9078-0dc88fa4db72,Giralda Plaza,venue_logo,,https://www.instagram.com/giraldaplaza/,official_instagram,venue_owned_needs_permission,high,"Profile picture is usually the logo — ask the venue for the original file, do not screenshot. Spec: square business logo/avatar for the circular profile image over the hero.",
3a01d0e9-5bce-5fc4-88aa-8252bebe58a2,Jungle Plaza,hero_image,,https://www.miamidesigndistrict.com/event-venue/742/jungle-plaza/,official_website,venue_owned_needs_permission,high,"Pick an authentic photo from the venue's own site (check for a press/media page first). Spec: authentic venue/experience photo, ≥800px wide, no generic stock.",
3a01d0e9-5bce-5fc4-88aa-8252bebe58a2,Jungle Plaza,hero_image,,https://www.instagram.com/miamidesigndistrict/,official_instagram,venue_owned_needs_permission,high,"Venue's official Instagram — ask the venue for the original file, do not screenshot. Spec: authentic venue/experience photo, ≥800px wide, no generic stock.",
3a01d0e9-5bce-5fc4-88aa-8252bebe58a2,Jungle Plaza,hero_image,,https://unsplash.com/s/photos/Jungle%20Plaza%20miami,royalty_free,license_review_required,low,"Fallback only if no venue-owned option works. Also try Pexels/Wikimedia Commons. Verify the individual photo's license allows commercial use before approving. Spec: authentic venue/experience photo, ≥800px wide, no generic stock.",
3a01d0e9-5bce-5fc4-88aa-8252bebe58a2,Jungle Plaza,venue_logo,,https://www.miamidesigndistrict.com/event-venue/742/jungle-plaza/,official_website,venue_owned_needs_permission,high,Look for the site's logo/brand or press/media page; ask the venue for the original file. Spec: square business logo/avatar for the circular profile image over the hero.,
3a01d0e9-5bce-5fc4-88aa-8252bebe58a2,Jungle Plaza,venue_logo,,https://www.instagram.com/miamidesigndistrict/,official_instagram,venue_owned_needs_permission,high,"Profile picture is usually the logo — ask the venue for the original file, do not screenshot. Spec: square business logo/avatar for the circular profile image over the hero.",
8f832778-54cd-5d54-bad1-f820de54ea39,Citizens MiamiCentral,hero_image,,https://www.gobrightline.com/,official_website,venue_owned_needs_permission,high,"Pick an authentic photo from the venue's own site (check for a press/media page first). Spec: authentic venue/experience photo, ≥800px wide, no generic stock.",
8f832778-54cd-5d54-bad1-f820de54ea39,Citizens MiamiCentral,hero_image,,https://www.instagram.com/citizens_miamicentral/,official_instagram,venue_owned_needs_permission,high,"Venue's official Instagram — ask the venue for the original file, do not screenshot. Spec: authentic venue/experience photo, ≥800px wide, no generic stock.",
8f832778-54cd-5d54-bad1-f820de54ea39,Citizens MiamiCentral,hero_image,,https://unsplash.com/s/photos/Citizens%20MiamiCentral%20miami,royalty_free,license_review_required,low,"Fallback only if no venue-owned option works. Also try Pexels/Wikimedia Commons. Verify the individual photo's license allows commercial use before approving. Spec: authentic venue/experience photo, ≥800px wide, no generic stock.",
8f832778-54cd-5d54-bad1-f820de54ea39,Citizens MiamiCentral,venue_logo,,https://www.gobrightline.com/,official_website,venue_owned_needs_permission,high,Look for the site's logo/brand or press/media page; ask the venue for the original file. Spec: square business logo/avatar for the circular profile image over the hero.,
8f832778-54cd-5d54-bad1-f820de54ea39,Citizens MiamiCentral,venue_logo,,https://www.instagram.com/citizens_miamicentral/,official_instagram,venue_owned_needs_permission,high,"Profile picture is usually the logo — ask the venue for the original file, do not screenshot. Spec: square business logo/avatar for the circular profile image over the hero.",
3479422e-08ef-5673-83d2-557027a01877,Maurice A. Ferré Park,hero_image,,https://www.miami.gov/Parks-Public-Places/Parks-Directory/Maurice-A.-Ferre-Park,official_website,venue_owned_needs_permission,high,"Pick an authentic photo from the venue's own site (check for a press/media page first). Spec: authentic venue/experience photo, ≥800px wide, no generic stock.",
3479422e-08ef-5673-83d2-557027a01877,Maurice A. Ferré Park,hero_image,,https://www.instagram.com/miamiparks/,official_instagram,venue_owned_needs_permission,high,"Venue's official Instagram — ask the venue for the original file, do not screenshot. Spec: authentic venue/experience photo, ≥800px wide, no generic stock.",
3479422e-08ef-5673-83d2-557027a01877,Maurice A. Ferré Park,hero_image,,https://unsplash.com/s/photos/Maurice%20A.%20Ferr%C3%A9%20Park%20miami,royalty_free,license_review_required,low,"Fallback only if no venue-owned option works. Also try Pexels/Wikimedia Commons. Verify the individual photo's license allows commercial use before approving. Spec: authentic venue/experience photo, ≥800px wide, no generic stock.",
3479422e-08ef-5673-83d2-557027a01877,Maurice A. Ferré Park,venue_logo,,https://www.miami.gov/Parks-Public-Places/Parks-Directory/Maurice-A.-Ferre-Park,official_website,venue_owned_needs_permission,high,Look for the site's logo/brand or press/media page; ask the venue for the original file. Spec: square business logo/avatar for the circular profile image over the hero.,
3479422e-08ef-5673-83d2-557027a01877,Maurice A. Ferré Park,venue_logo,,https://www.instagram.com/miamiparks/,official_instagram,venue_owned_needs_permission,high,"Profile picture is usually the logo — ask the venue for the original file, do not screenshot. Spec: square business logo/avatar for the circular profile image over the hero.",
6622b17b-0661-580c-ab70-c063ff7be528,Española Way,hero_image,,https://www.experiencemiamibeach.com/local-attractions/espanola-way,official_website,venue_owned_needs_permission,high,"Pick an authentic photo from the venue's own site (check for a press/media page first). Spec: authentic venue/experience photo, ≥800px wide, no generic stock.",
6622b17b-0661-580c-ab70-c063ff7be528,Española Way,hero_image,,https://www.instagram.com/espanolaway/,official_instagram,venue_owned_needs_permission,high,"Venue's official Instagram — ask the venue for the original file, do not screenshot. Spec: authentic venue/experience photo, ≥800px wide, no generic stock.",
6622b17b-0661-580c-ab70-c063ff7be528,Española Way,hero_image,,https://unsplash.com/s/photos/Espa%C3%B1ola%20Way%20miami,royalty_free,license_review_required,low,"Fallback only if no venue-owned option works. Also try Pexels/Wikimedia Commons. Verify the individual photo's license allows commercial use before approving. Spec: authentic venue/experience photo, ≥800px wide, no generic stock.",
6622b17b-0661-580c-ab70-c063ff7be528,Española Way,venue_logo,,https://www.experiencemiamibeach.com/local-attractions/espanola-way,official_website,venue_owned_needs_permission,high,Look for the site's logo/brand or press/media page; ask the venue for the original file. Spec: square business logo/avatar for the circular profile image over the hero.,
6622b17b-0661-580c-ab70-c063ff7be528,Española Way,venue_logo,,https://www.instagram.com/espanolaway/,official_instagram,venue_owned_needs_permission,high,"Profile picture is usually the logo — ask the venue for the original file, do not screenshot. Spec: square business logo/avatar for the circular profile image over the hero.",
12c8638e-fe85-540f-8160-72c32394f39d,Regatta Harbour,hero_image,,https://www.regattaharbour.com/,official_website,venue_owned_needs_permission,high,"Pick an authentic photo from the venue's own site (check for a press/media page first). Spec: authentic venue/experience photo, ≥800px wide, no generic stock.",
12c8638e-fe85-540f-8160-72c32394f39d,Regatta Harbour,hero_image,,https://www.instagram.com/regattaharbour/,official_instagram,venue_owned_needs_permission,high,"Venue's official Instagram — ask the venue for the original file, do not screenshot. Spec: authentic venue/experience photo, ≥800px wide, no generic stock.",
12c8638e-fe85-540f-8160-72c32394f39d,Regatta Harbour,hero_image,,https://unsplash.com/s/photos/Regatta%20Harbour%20miami,royalty_free,license_review_required,low,"Fallback only if no venue-owned option works. Also try Pexels/Wikimedia Commons. Verify the individual photo's license allows commercial use before approving. Spec: authentic venue/experience photo, ≥800px wide, no generic stock.",
12c8638e-fe85-540f-8160-72c32394f39d,Regatta Harbour,venue_logo,,https://www.regattaharbour.com/,official_website,venue_owned_needs_permission,high,Look for the site's logo/brand or press/media page; ask the venue for the original file. Spec: square business logo/avatar for the circular profile image over the hero.,
12c8638e-fe85-540f-8160-72c32394f39d,Regatta Harbour,venue_logo,,https://www.instagram.com/regattaharbour/,official_instagram,venue_owned_needs_permission,high,"Profile picture is usually the logo — ask the venue for the original file, do not screenshot. Spec: square business logo/avatar for the circular profile image over the hero.",
a3b596af-e36d-5eb9-a46b-c93873345ed0,Government Center Station,hero_image,,https://www.miamidade.gov/transportation-publicworks/metrorail-stations.asp,official_website,venue_owned_needs_permission,high,"Pick an authentic photo from the venue's own site (check for a press/media page first). Spec: authentic venue/experience photo, ≥800px wide, no generic stock.",
a3b596af-e36d-5eb9-a46b-c93873345ed0,Government Center Station,hero_image,,https://www.instagram.com/miamidadetransit/,official_instagram,venue_owned_needs_permission,high,"Venue's official Instagram — ask the venue for the original file, do not screenshot. Spec: authentic venue/experience photo, ≥800px wide, no generic stock.",
a3b596af-e36d-5eb9-a46b-c93873345ed0,Government Center Station,hero_image,,https://unsplash.com/s/photos/Government%20Center%20Station%20miami,royalty_free,license_review_required,low,"Fallback only if no venue-owned option works. Also try Pexels/Wikimedia Commons. Verify the individual photo's license allows commercial use before approving. Spec: authentic venue/experience photo, ≥800px wide, no generic stock.",
a3b596af-e36d-5eb9-a46b-c93873345ed0,Government Center Station,venue_logo,,https://www.miamidade.gov/transportation-publicworks/metrorail-stations.asp,official_website,venue_owned_needs_permission,high,Look for the site's logo/brand or press/media page; ask the venue for the original file. Spec: square business logo/avatar for the circular profile image over the hero.,
a3b596af-e36d-5eb9-a46b-c93873345ed0,Government Center Station,venue_logo,,https://www.instagram.com/miamidadetransit/,official_instagram,venue_owned_needs_permission,high,"Profile picture is usually the logo — ask the venue for the original file, do not screenshot. Spec: square business logo/avatar for the circular profile image over the hero.",
b1a724c6-da50-5641-90ee-4d4194c40e89,"Tea Room at EAST, Miami",hero_image,,https://www.easthotels.com/en/miami/restaurants-and-bars/tea-room/,official_website,venue_owned_needs_permission,high,"Pick an authentic photo from the venue's own site (check for a press/media page first). Spec: authentic venue/experience photo, ≥800px wide, no generic stock.",
b1a724c6-da50-5641-90ee-4d4194c40e89,"Tea Room at EAST, Miami",hero_image,,https://www.instagram.com/tearoom.mia/,official_instagram,venue_owned_needs_permission,high,"Venue's official Instagram — ask the venue for the original file, do not screenshot. Spec: authentic venue/experience photo, ≥800px wide, no generic stock.",
b1a724c6-da50-5641-90ee-4d4194c40e89,"Tea Room at EAST, Miami",hero_image,,https://unsplash.com/s/photos/Tea%20Room%20at%20EAST%2C%20Miami%20miami,royalty_free,license_review_required,low,"Fallback only if no venue-owned option works. Also try Pexels/Wikimedia Commons. Verify the individual photo's license allows commercial use before approving. Spec: authentic venue/experience photo, ≥800px wide, no generic stock.",
b1a724c6-da50-5641-90ee-4d4194c40e89,"Tea Room at EAST, Miami",venue_logo,,https://www.easthotels.com/en/miami/restaurants-and-bars/tea-room/,official_website,venue_owned_needs_permission,high,Look for the site's logo/brand or press/media page; ask the venue for the original file. Spec: square business logo/avatar for the circular profile image over the hero.,
b1a724c6-da50-5641-90ee-4d4194c40e89,"Tea Room at EAST, Miami",venue_logo,,https://www.instagram.com/tearoom.mia/,official_instagram,venue_owned_needs_permission,high,"Profile picture is usually the logo — ask the venue for the original file, do not screenshot. Spec: square business logo/avatar for the circular profile image over the hero.",
517557a0-c5f4-5b89-8dae-0846ab1831d4,The Kampong (National Tropical Botanical Garden),hero_image,,https://ntbg.org/gardens/kampong/,official_website,venue_owned_needs_permission,high,"Pick an authentic photo from the venue's own site (check for a press/media page first). Spec: authentic venue/experience photo, ≥800px wide, no generic stock.",
517557a0-c5f4-5b89-8dae-0846ab1831d4,The Kampong (National Tropical Botanical Garden),hero_image,,https://www.instagram.com/thekampong/,official_instagram,venue_owned_needs_permission,high,"Venue's official Instagram — ask the venue for the original file, do not screenshot. Spec: authentic venue/experience photo, ≥800px wide, no generic stock.",
517557a0-c5f4-5b89-8dae-0846ab1831d4,The Kampong (National Tropical Botanical Garden),hero_image,,https://unsplash.com/s/photos/The%20Kampong%20(National%20Tropical%20Botanical%20Garden)%20miami,royalty_free,license_review_required,low,"Fallback only if no venue-owned option works. Also try Pexels/Wikimedia Commons. Verify the individual photo's license allows commercial use before approving. Spec: authentic venue/experience photo, ≥800px wide, no generic stock.",
517557a0-c5f4-5b89-8dae-0846ab1831d4,The Kampong (National Tropical Botanical Garden),venue_logo,,https://ntbg.org/gardens/kampong/,official_website,venue_owned_needs_permission,high,Look for the site's logo/brand or press/media page; ask the venue for the original file. Spec: square business logo/avatar for the circular profile image over the hero.,
517557a0-c5f4-5b89-8dae-0846ab1831d4,The Kampong (National Tropical Botanical Garden),venue_logo,,https://www.instagram.com/thekampong/,official_instagram,venue_owned_needs_permission,high,"Profile picture is usually the logo — ask the venue for the original file, do not screenshot. Spec: square business logo/avatar for the circular profile image over the hero.",
e73d0b6d-92ad-5e5b-9c54-f2a61257fec0,Dale Zine Shop,hero_image,,https://dalezine.com/,official_website,venue_owned_needs_permission,high,"Pick an authentic photo from the venue's own site (check for a press/media page first). Spec: authentic venue/experience photo, ≥800px wide, no generic stock.",
e73d0b6d-92ad-5e5b-9c54-f2a61257fec0,Dale Zine Shop,hero_image,,https://www.instagram.com/dale_zine/,official_instagram,venue_owned_needs_permission,high,"Venue's official Instagram — ask the venue for the original file, do not screenshot. Spec: authentic venue/experience photo, ≥800px wide, no generic stock.",
e73d0b6d-92ad-5e5b-9c54-f2a61257fec0,Dale Zine Shop,hero_image,,https://unsplash.com/s/photos/Dale%20Zine%20Shop%20miami,royalty_free,license_review_required,low,"Fallback only if no venue-owned option works. Also try Pexels/Wikimedia Commons. Verify the individual photo's license allows commercial use before approving. Spec: authentic venue/experience photo, ≥800px wide, no generic stock.",
e73d0b6d-92ad-5e5b-9c54-f2a61257fec0,Dale Zine Shop,venue_logo,,https://dalezine.com/,official_website,venue_owned_needs_permission,high,Look for the site's logo/brand or press/media page; ask the venue for the original file. Spec: square business logo/avatar for the circular profile image over the hero.,
e73d0b6d-92ad-5e5b-9c54-f2a61257fec0,Dale Zine Shop,venue_logo,,https://www.instagram.com/dale_zine/,official_instagram,venue_owned_needs_permission,high,"Profile picture is usually the logo — ask the venue for the original file, do not screenshot. Spec: square business logo/avatar for the circular profile image over the hero.",
57574160-f082-5ff5-87ea-33846c15f93e,Naomi's Garden Restaurant & Lounge,hero_image,,https://naomismiami.com/,official_website,venue_owned_needs_permission,high,"Pick an authentic photo from the venue's own site (check for a press/media page first). Spec: authentic venue/experience photo, ≥800px wide, no generic stock.",
57574160-f082-5ff5-87ea-33846c15f93e,Naomi's Garden Restaurant & Lounge,hero_image,,https://www.instagram.com/naomismiami/,official_instagram,venue_owned_needs_permission,high,"Venue's official Instagram — ask the venue for the original file, do not screenshot. Spec: authentic venue/experience photo, ≥800px wide, no generic stock.",
57574160-f082-5ff5-87ea-33846c15f93e,Naomi's Garden Restaurant & Lounge,hero_image,,https://unsplash.com/s/photos/Naomi's%20Garden%20Restaurant%20%26%20Lounge%20miami,royalty_free,license_review_required,low,"Fallback only if no venue-owned option works. Also try Pexels/Wikimedia Commons. Verify the individual photo's license allows commercial use before approving. Spec: authentic venue/experience photo, ≥800px wide, no generic stock.",
57574160-f082-5ff5-87ea-33846c15f93e,Naomi's Garden Restaurant & Lounge,venue_logo,,https://naomismiami.com/,official_website,venue_owned_needs_permission,high,Look for the site's logo/brand or press/media page; ask the venue for the original file. Spec: square business logo/avatar for the circular profile image over the hero.,
57574160-f082-5ff5-87ea-33846c15f93e,Naomi's Garden Restaurant & Lounge,venue_logo,,https://www.instagram.com/naomismiami/,official_instagram,venue_owned_needs_permission,high,"Profile picture is usually the logo — ask the venue for the original file, do not screenshot. Spec: square business logo/avatar for the circular profile image over the hero.",
ae7a8290-897f-5083-af13-c75ce4b3f143,Broken Shaker at Freehand Miami,hero_image,,https://www.brokenshaker.com/location/miami-hours-and-location/,official_website,venue_owned_needs_permission,high,"Pick an authentic photo from the venue's own site (check for a press/media page first). Spec: authentic venue/experience photo, ≥800px wide, no generic stock.",
ae7a8290-897f-5083-af13-c75ce4b3f143,Broken Shaker at Freehand Miami,hero_image,,https://www.instagram.com/brokenshaker/,official_instagram,venue_owned_needs_permission,high,"Venue's official Instagram — ask the venue for the original file, do not screenshot. Spec: authentic venue/experience photo, ≥800px wide, no generic stock.",
ae7a8290-897f-5083-af13-c75ce4b3f143,Broken Shaker at Freehand Miami,hero_image,,https://unsplash.com/s/photos/Broken%20Shaker%20at%20Freehand%20Miami%20miami,royalty_free,license_review_required,low,"Fallback only if no venue-owned option works. Also try Pexels/Wikimedia Commons. Verify the individual photo's license allows commercial use before approving. Spec: authentic venue/experience photo, ≥800px wide, no generic stock.",
ae7a8290-897f-5083-af13-c75ce4b3f143,Broken Shaker at Freehand Miami,venue_logo,,https://www.brokenshaker.com/location/miami-hours-and-location/,official_website,venue_owned_needs_permission,high,Look for the site's logo/brand or press/media page; ask the venue for the original file. Spec: square business logo/avatar for the circular profile image over the hero.,
ae7a8290-897f-5083-af13-c75ce4b3f143,Broken Shaker at Freehand Miami,venue_logo,,https://www.instagram.com/brokenshaker/,official_instagram,venue_owned_needs_permission,high,"Profile picture is usually the logo — ask the venue for the original file, do not screenshot. Spec: square business logo/avatar for the circular profile image over the hero.",
5efb7510-e755-5182-9b2d-3dd1de150abc,Mac's Club Deuce,hero_image,,https://www.macsclubdeuce.com/,official_website,venue_owned_needs_permission,high,"Pick an authentic photo from the venue's own site (check for a press/media page first). Spec: authentic venue/experience photo, ≥800px wide, no generic stock.",
5efb7510-e755-5182-9b2d-3dd1de150abc,Mac's Club Deuce,hero_image,,https://www.instagram.com/macsclubdeuce/,official_instagram,venue_owned_needs_permission,high,"Venue's official Instagram — ask the venue for the original file, do not screenshot. Spec: authentic venue/experience photo, ≥800px wide, no generic stock.",
5efb7510-e755-5182-9b2d-3dd1de150abc,Mac's Club Deuce,hero_image,,https://unsplash.com/s/photos/Mac's%20Club%20Deuce%20miami,royalty_free,license_review_required,low,"Fallback only if no venue-owned option works. Also try Pexels/Wikimedia Commons. Verify the individual photo's license allows commercial use before approving. Spec: authentic venue/experience photo, ≥800px wide, no generic stock.",
5efb7510-e755-5182-9b2d-3dd1de150abc,Mac's Club Deuce,venue_logo,,https://www.macsclubdeuce.com/,official_website,venue_owned_needs_permission,high,Look for the site's logo/brand or press/media page; ask the venue for the original file. Spec: square business logo/avatar for the circular profile image over the hero.,
5efb7510-e755-5182-9b2d-3dd1de150abc,Mac's Club Deuce,venue_logo,,https://www.instagram.com/macsclubdeuce/,official_instagram,venue_owned_needs_permission,high,"Profile picture is usually the logo — ask the venue for the original file, do not screenshot. Spec: square business logo/avatar for the circular profile image over the hero.",
57d5ab07-74a4-5c75-a84d-dbe548785c99,Plant the Future,hero_image,,https://www.plantthefuture.com/,official_website,venue_owned_needs_permission,high,"Pick an authentic photo from the venue's own site (check for a press/media page first). Spec: authentic venue/experience photo, ≥800px wide, no generic stock.",
57d5ab07-74a4-5c75-a84d-dbe548785c99,Plant the Future,hero_image,,https://www.instagram.com/plantthefuture/,official_instagram,venue_owned_needs_permission,high,"Venue's official Instagram — ask the venue for the original file, do not screenshot. Spec: authentic venue/experience photo, ≥800px wide, no generic stock.",
57d5ab07-74a4-5c75-a84d-dbe548785c99,Plant the Future,hero_image,,https://unsplash.com/s/photos/Plant%20the%20Future%20miami,royalty_free,license_review_required,low,"Fallback only if no venue-owned option works. Also try Pexels/Wikimedia Commons. Verify the individual photo's license allows commercial use before approving. Spec: authentic venue/experience photo, ≥800px wide, no generic stock.",
57d5ab07-74a4-5c75-a84d-dbe548785c99,Plant the Future,venue_logo,,https://www.plantthefuture.com/,official_website,venue_owned_needs_permission,high,Look for the site's logo/brand or press/media page; ask the venue for the original file. Spec: square business logo/avatar for the circular profile image over the hero.,
57d5ab07-74a4-5c75-a84d-dbe548785c99,Plant the Future,venue_logo,,https://www.instagram.com/plantthefuture/,official_instagram,venue_owned_needs_permission,high,"Profile picture is usually the logo — ask the venue for the original file, do not screenshot. Spec: square business logo/avatar for the circular profile image over the hero.",
7eebe307-0a32-5996-9258-2068eae3df78,Coral Gables Congregational United Church of Christ,hero_image,,https://gablesucc.org/,official_website,venue_owned_needs_permission,high,"Pick an authentic photo from the venue's own site (check for a press/media page first). Spec: authentic venue/experience photo, ≥800px wide, no generic stock.",
7eebe307-0a32-5996-9258-2068eae3df78,Coral Gables Congregational United Church of Christ,hero_image,,https://www.instagram.com/coralgablesucc/,official_instagram,venue_owned_needs_permission,high,"Venue's official Instagram — ask the venue for the original file, do not screenshot. Spec: authentic venue/experience photo, ≥800px wide, no generic stock.",
7eebe307-0a32-5996-9258-2068eae3df78,Coral Gables Congregational United Church of Christ,hero_image,,https://unsplash.com/s/photos/Coral%20Gables%20Congregational%20United%20Church%20of%20Christ%20miami,royalty_free,license_review_required,low,"Fallback only if no venue-owned option works. Also try Pexels/Wikimedia Commons. Verify the individual photo's license allows commercial use before approving. Spec: authentic venue/experience photo, ≥800px wide, no generic stock.",
7eebe307-0a32-5996-9258-2068eae3df78,Coral Gables Congregational United Church of Christ,venue_logo,,https://gablesucc.org/,official_website,venue_owned_needs_permission,high,Look for the site's logo/brand or press/media page; ask the venue for the original file. Spec: square business logo/avatar for the circular profile image over the hero.,
7eebe307-0a32-5996-9258-2068eae3df78,Coral Gables Congregational United Church of Christ,venue_logo,,https://www.instagram.com/coralgablesucc/,official_instagram,venue_owned_needs_permission,high,"Profile picture is usually the logo — ask the venue for the original file, do not screenshot. Spec: square business logo/avatar for the circular profile image over the hero.",
8c2d780a-5ad9-5e8d-b764-47902ba01d59,Over Under,hero_image,,https://overundermiami.com/,official_website,venue_owned_needs_permission,high,"Pick an authentic photo from the venue's own site (check for a press/media page first). Spec: authentic venue/experience photo, ≥800px wide, no generic stock.",
8c2d780a-5ad9-5e8d-b764-47902ba01d59,Over Under,hero_image,,https://www.instagram.com/overundermiami/,official_instagram,venue_owned_needs_permission,high,"Venue's official Instagram — ask the venue for the original file, do not screenshot. Spec: authentic venue/experience photo, ≥800px wide, no generic stock.",
8c2d780a-5ad9-5e8d-b764-47902ba01d59,Over Under,hero_image,,https://unsplash.com/s/photos/Over%20Under%20miami,royalty_free,license_review_required,low,"Fallback only if no venue-owned option works. Also try Pexels/Wikimedia Commons. Verify the individual photo's license allows commercial use before approving. Spec: authentic venue/experience photo, ≥800px wide, no generic stock.",
8c2d780a-5ad9-5e8d-b764-47902ba01d59,Over Under,venue_logo,,https://overundermiami.com/,official_website,venue_owned_needs_permission,high,Look for the site's logo/brand or press/media page; ask the venue for the original file. Spec: square business logo/avatar for the circular profile image over the hero.,
8c2d780a-5ad9-5e8d-b764-47902ba01d59,Over Under,venue_logo,,https://www.instagram.com/overundermiami/,official_instagram,venue_owned_needs_permission,high,"Profile picture is usually the logo — ask the venue for the original file, do not screenshot. Spec: square business logo/avatar for the circular profile image over the hero.",
cc824584-6599-556e-a42d-2fb4328d3ec7,Lost Boy Dry Goods,hero_image,,https://www.lostboydrygoods.com/,official_website,venue_owned_needs_permission,high,"Pick an authentic photo from the venue's own site (check for a press/media page first). Spec: authentic venue/experience photo, ≥800px wide, no generic stock.",
cc824584-6599-556e-a42d-2fb4328d3ec7,Lost Boy Dry Goods,hero_image,,https://www.instagram.com/lostboydrygoods/,official_instagram,venue_owned_needs_permission,high,"Venue's official Instagram — ask the venue for the original file, do not screenshot. Spec: authentic venue/experience photo, ≥800px wide, no generic stock.",
cc824584-6599-556e-a42d-2fb4328d3ec7,Lost Boy Dry Goods,hero_image,,https://unsplash.com/s/photos/Lost%20Boy%20Dry%20Goods%20miami,royalty_free,license_review_required,low,"Fallback only if no venue-owned option works. Also try Pexels/Wikimedia Commons. Verify the individual photo's license allows commercial use before approving. Spec: authentic venue/experience photo, ≥800px wide, no generic stock.",
cc824584-6599-556e-a42d-2fb4328d3ec7,Lost Boy Dry Goods,venue_logo,,https://www.lostboydrygoods.com/,official_website,venue_owned_needs_permission,high,Look for the site's logo/brand or press/media page; ask the venue for the original file. Spec: square business logo/avatar for the circular profile image over the hero.,
cc824584-6599-556e-a42d-2fb4328d3ec7,Lost Boy Dry Goods,venue_logo,,https://www.instagram.com/lostboydrygoods/,official_instagram,venue_owned_needs_permission,high,"Profile picture is usually the logo — ask the venue for the original file, do not screenshot. Spec: square business logo/avatar for the circular profile image over the hero.",
ee11a99b-d812-5e8e-a97c-1b6b4c264c22,Richard H. Simons Rainforest at Fairchild Tropical Botanic Garden,hero_image,,https://fairchildgarden.org/,official_website,venue_owned_needs_permission,high,"Pick an authentic photo from the venue's own site (check for a press/media page first). Spec: authentic venue/experience photo, ≥800px wide, no generic stock.",
ee11a99b-d812-5e8e-a97c-1b6b4c264c22,Richard H. Simons Rainforest at Fairchild Tropical Botanic Garden,hero_image,,https://www.instagram.com/fairchildgarden/,official_instagram,venue_owned_needs_permission,high,"Venue's official Instagram — ask the venue for the original file, do not screenshot. Spec: authentic venue/experience photo, ≥800px wide, no generic stock.",
ee11a99b-d812-5e8e-a97c-1b6b4c264c22,Richard H. Simons Rainforest at Fairchild Tropical Botanic Garden,hero_image,,https://unsplash.com/s/photos/Richard%20H.%20Simons%20Rainforest%20at%20Fairchild%20Tropical%20Botanic%20Garden%20miami,royalty_free,license_review_required,low,"Fallback only if no venue-owned option works. Also try Pexels/Wikimedia Commons. Verify the individual photo's license allows commercial use before approving. Spec: authentic venue/experience photo, ≥800px wide, no generic stock.",
ee11a99b-d812-5e8e-a97c-1b6b4c264c22,Richard H. Simons Rainforest at Fairchild Tropical Botanic Garden,venue_logo,,https://fairchildgarden.org/,official_website,venue_owned_needs_permission,high,Look for the site's logo/brand or press/media page; ask the venue for the original file. Spec: square business logo/avatar for the circular profile image over the hero.,
ee11a99b-d812-5e8e-a97c-1b6b4c264c22,Richard H. Simons Rainforest at Fairchild Tropical Botanic Garden,venue_logo,,https://www.instagram.com/fairchildgarden/,official_instagram,venue_owned_needs_permission,high,"Profile picture is usually the logo — ask the venue for the original file, do not screenshot. Spec: square business logo/avatar for the circular profile image over the hero.",
2cf2cdf4-9828-5d73-8869-143b1633a9e3,Bodega Taqueria y Tequila South Beach (Hidden Speakeasy),hero_image,,https://www.bodegataqueria.com/location/southbeach/,official_website,venue_owned_needs_permission,high,"Pick an authentic photo from the venue's own site (check for a press/media page first). Spec: authentic venue/experience photo, ≥800px wide, no generic stock.",
2cf2cdf4-9828-5d73-8869-143b1633a9e3,Bodega Taqueria y Tequila South Beach (Hidden Speakeasy),hero_image,,https://www.instagram.com/bodegataqueria/,official_instagram,venue_owned_needs_permission,high,"Venue's official Instagram — ask the venue for the original file, do not screenshot. Spec: authentic venue/experience photo, ≥800px wide, no generic stock.",
2cf2cdf4-9828-5d73-8869-143b1633a9e3,Bodega Taqueria y Tequila South Beach (Hidden Speakeasy),hero_image,,https://unsplash.com/s/photos/Bodega%20Taqueria%20y%20Tequila%20South%20Beach%20(Hidden%20Speakeasy)%20miami,royalty_free,license_review_required,low,"Fallback only if no venue-owned option works. Also try Pexels/Wikimedia Commons. Verify the individual photo's license allows commercial use before approving. Spec: authentic venue/experience photo, ≥800px wide, no generic stock.",
2cf2cdf4-9828-5d73-8869-143b1633a9e3,Bodega Taqueria y Tequila South Beach (Hidden Speakeasy),venue_logo,,https://www.bodegataqueria.com/location/southbeach/,official_website,venue_owned_needs_permission,high,Look for the site's logo/brand or press/media page; ask the venue for the original file. Spec: square business logo/avatar for the circular profile image over the hero.,
2cf2cdf4-9828-5d73-8869-143b1633a9e3,Bodega Taqueria y Tequila South Beach (Hidden Speakeasy),venue_logo,,https://www.instagram.com/bodegataqueria/,official_instagram,venue_owned_needs_permission,high,"Profile picture is usually the logo — ask the venue for the original file, do not screenshot. Spec: square business logo/avatar for the circular profile image over the hero.",
65f023cb-5822-5cf0-952e-70d0f0be9d0a,Miami Circle Park,hero_image,,https://dos.fl.gov/historical/archaeology/projects/miami-circle/,official_website,venue_owned_needs_permission,high,"Pick an authentic photo from the venue's own site (check for a press/media page first). Spec: authentic venue/experience photo, ≥800px wide, no generic stock.",
65f023cb-5822-5cf0-952e-70d0f0be9d0a,Miami Circle Park,hero_image,,https://unsplash.com/s/photos/Miami%20Circle%20Park%20miami,royalty_free,license_review_required,low,"Fallback only if no venue-owned option works. Also try Pexels/Wikimedia Commons. Verify the individual photo's license allows commercial use before approving. Spec: authentic venue/experience photo, ≥800px wide, no generic stock.",
65f023cb-5822-5cf0-952e-70d0f0be9d0a,Miami Circle Park,venue_logo,,https://dos.fl.gov/historical/archaeology/projects/miami-circle/,official_website,venue_owned_needs_permission,high,Look for the site's logo/brand or press/media page; ask the venue for the original file. Spec: square business logo/avatar for the circular profile image over the hero.,
